WARSUBSIDIES_DI;Offer of Warsubsidies;Offre d'indemnités de guerre;Angebot von Kriegssubventionen;;Oferta de subsidios de guerra;;;;;;;;x;;;,,,,,,,,,,,,,,,,,,
CANCEL_WARSUBSIDIES_DI;Cancellation of Warsubsidies;Annulation des indemnités de guerre;Einstellung von Kriegssubventionen;;Cancelación de subsidios de guerra;;;;;;;;x;;;,,,,,,,,,,,,,,,,,,
ASKMILITARYACCESS_DI;Request for Military Access;Demande d'accès militaire;Anfrage nach Militärzugang;;Solicitud de acceso militar;;;;;;;;x;;;,,,,,,,,,,,,,,,,,,
CANCELASKMILITARYACCESS_DI;Cancellation of Military Access;Annulation d'un accès militaire;Einstellung von Militärzugang;;Cancelación de acceso militar;;;;;;;;x;;;,,,,,,,,,,,,,,,,,,
GIVEMILITARYACCESS_DI;Offer of Military Access;Offre d'accès militaire;Angebot von Militärzugang;;Oferta de acceso militar;;;;;;;;x;;;,,,,,,,,,,,,,,,,,,
CANCELGIVEMILITARYACCESS_DI;Cancellation of Military Access;Annulation d'un accès militaire;Einstellung von Militärzugang;;Cancelación de acceso militar;;;;;;;;x;;;,,,,,,,,,,,,,,,,,,
ALLIANCE_DI;Alliance Offer;Offre d'alliance;Bündnisangebot;;Oferta de alianza;;;;;;;;x;;;,,,,,,,,,,,,,,,,,,
CANCELALLIANCE_DI;Alliance Broken;Alliance rompue;Bündnis gebrochen;;Alianza disuelta;;;;;;;;x;;;,,,,,,,,,,,,,,,,,,
CALLALLY_DI;Call Ally;Appel à un allié;Bündnisparter zu Hilfe rufen;;Conseguir aliado;;;;;;;;x;;;,,,,,,,,,,,,,,,,,,
DISCREDIT_DI;Discredit;Discréditer;In Verruf bringen;;Desprestigio;;;;;;;;x;;;,,,,,,,,,,,,,,,,,,
EXPELADVISORS_DI;Expulsion of Advisors;Expulsion de conseillers;Ausweisung von Beratern;;Expulsión de consejeros;;;;;;;;x;;;,,,,,,,,,,,,,,,,,,
BANEMBASSY_DI;Banning of Embassy;Fermeture d'ambassade;Botschaftsverbannung;;Cierre de embajada;;;;;;;;x;;;,,,,,,,,,,,,,,,,,,
INCREASEOPINION_DI;Opinion Increase;Opinion en hausse;Meinungssteigerung;;Mejora de opinión;;;;;;;;x;;;,,,,,,,,,,,,,,,,,,
DECREASEOPINION_DI;Opinion Decrease;Opinion en baisse;Meinungsverringerung;;Merma de opinión;;;;;;;;x;;;,,,,,,,,,,,,,,,,,,
ADDTOSPHERE_DI;Add to Sphere;Ajouter à la sphère;Zu Einflusssphäre hinzufügen;;Añadir a la esfera;;;;;;;;x;;;,,,,,,,,,,,,,,,,,,
REMOVEFROMSPHERE_DI;Remove From Sphere;Retirer de la sphère;Aus Einflusssphäre entfernen;;Eliminar de la esfera;;;;;;;;x;;;,,,,,,,,,,,,,,,,,,
INCREASERELATION_DI;Increase Relation;Améliorer les relations;Beziehung verbessern;;Mejorar relación;;;;;;;;x;;;,,,,,,,,,,,,,,,,,,
DECREASERELATION_DI;Decrease Relation;Détériorer les relations;Beziehung verschlechtern;;Empeorar relación;;;;;;;;x;;;,,,,,,,,,,,,,,,,,,
GUNBOAT_DI;Gunboat Diplomacy;Diplomatie de la canonnière;Kanonenbootdiplomatie;;Diplomacia de las cañoneras;;;;;;;;x;;;,,,,,,,,,,,,,,,,,,
WAR_DI;War;Guerre;Krieg;;Guerra;;;;;;;;x;;;,,,,,,,,,,,,,,,,,,
WARGOAL_DI;Adding of Wargoal;Ajout d'un objectif de guerre;Hinzufügen von Kriegszielen;;Adición de objetivo bélico;;;;;;;;x;;;,,,,,,,,,,,,,,,,,,
PEACE_DI;Peace Offer;Offre de paix;Friedensangebot;;Oferta de paz;;;;;;;;x;;;,,,,,,,,,,,,,,,,,,
TOPBAR_LEADERSHIP_MAX;You have already reached the maximum storage of §Y$MAX$§W leadership and no new leadership will be accumulated.\n;Vous avez atteint le nombre maximum de §Y$MAX$§W points de commandement et aucun nouveau point ne sera accumulé.\n;Sie haben bereits die maximale Anzahl von §Y$MAX$§W Anführerpunkten erreicht - Sie können keine weiteren aufsparen.\n;;Ya has alcanzado el nivel máximo de liderazgo, §Y$MAX$§W, y no se acumulará más.\n;;;;;;;;x;;;,,,,,,,,,,,,,,,,
IS_MOBILIZED_IRO;(Reserves are Mobilized);(Les réserves sont mobilisées);(Reserven sind mobilisiert);;(Las reservas están movilizadas);;;;;;;;x;;;,,,,,,,,,,,,,,,,,,
ADD_CRIME;Gain §Y$NAME$§W.\n;Obtention de §Y$NAME$§W.\n;Erhaltung von §Y$NAME$§W.\n;;Obtienes §Y$NAME$§W.\n;;;;;;;;x;;;,,,,,,,,,,,,,,,,,,
TOPBAR_WAR_PLUS;And their satellites and dominions.\n;et leurs satellites et dominions.\n;und ihre puppetnstaaten und Dominions.\n;;Y sus satélites y dominios.\n;;;;;;;;x;;;,,,,,,,,,,,,,,,,,,
CANTBUILD_FORCEDISARM;We can't build new military units, as we are under a peace treaty that has forced us to disarm.;Le traité de paix qui nous a contraints à nous désarmer ne nous permet pas de construire de nouvelles unités.;Wir können keine neuen Militäreinheiten bauen, da uns ein Friedensvertrag zur Abrüstung zwingt.;;No podemos construir nuevas unidades militares, ya que estamos sometidos a un tratado de paz que nos obliga al desarme.;;;;;;;;x;;;,,,,,,,,,,,,,,,
SOME_LIFE_NEEDS;Life Needs partly fulfilled;Besoins vitaux partiellement satisfaits;Grundbedürfnisse teilweise;;Necesidades básicas parcialmente cubiertas;;;;;;;;x;;;,,,,,,,,,,,,,,,,,,
TOPBAR_AVG_CHANGE;We estimate that it will change by $VAL$§W during the next month.;Nous estimons que cela changera à hauteur de $VAL$§W au cours du mois prochain.;Wir vermuten eine Veränderung von $VAL$§W für den nächsten Monat.;;Calculamos que cambiará en $VAL$§W durante el próximo mes.;;;;;;;;;x;;,,,,,,,,,,,,,,,,,,
TECH_DAILY_RESEARCHPOINTS_BASE_TOOLTIP;Daily base research points: §Y$VALUE$§W;Points de recherche de base quotidiens : §Y$VALUE$§W;Tägliche Basis-Forschungspunkte: §Y$VALUE$§W;;Base diaria de puntos de investigación: §Y$VALUE$§W;;;;;;;;;x;;,,,,,,,,,,,,,,,,,,
TECH_DAILY_RESEARCHPOINTS_TOTAL_TOOLTIP;Daily research points: §G+$VALUE$§W;Points de recherche quotidiens : §G+$VALUE$§W;Tägliche Forschungspunkte: §G+$VALUE$§W;;Puntos de investigación diarios: §G+$VALUE$§W;;;;;;;;;x;;,,,,,,,,,,,,,,,,,,
TECH_DAILY_RESEARCHPOINTS_TOOLTIP;$POPTYPE$ provide §G$VALUE$§W research points.\n (§Y$FRACTION$%§W of the population, $OPTIMAL$% is optimal.);$POPTYPE$ donnent §G$VALUE$§W points de recherche.\n (§Y$FRACTION$%§W de la population, $OPTIMAL$% de manière optimale);$POPTYPE$ erbringen §G$VALUE$§W Forschungspunkte.\n (§Y$FRACTION$%§W von der Bevölkerung - $OPTIMAL$% ist optimal);;Los $POPTYPE$ proporcionan §G$VALUE$§W puntos de investigación.\n (§Y$FRACTION$%§W de la población, el valor óptimo es $OPTIMAL$%.);;;;;;;;x;;;,,,,,,,,,,,,,,,
MODIFIER_RESEARCH_POINTS;Research Points;Points de recherche;Forschungspunkte;;Puntos de investigación;;;;;;;;x;;;,,,,,,,,,,,,,,,,,,
COMBAT_GAS;Gas attacks while the opponent lacks the technology to defend against it may be devastating.;Les attaques aux gaz, lorsque l'adversaire ne dispose pas de la technologie pour s'en défendre, peuvent être dévastatrices.;Gasangriffe gegen Gegner, deren Technologie noch nicht zu deren Abwehr ausreicht, können verheerend ausfallen.;;Los ataques con gas, cuando el oponente carece de la tecnología apropiada para defenderse de ellos, pueden ser devastadores.;;;;;;;;x;;;,,,,,,,,,,,,
MAY_GAS_ATTACK;Can use Gas Attack\n;Peut utiliser les attaques aux gaz\n;Kann Gasangriff einsetzen.\n;;Puede usar ataque de gases\n;;;;;;;;x;;;,,,,,,,,,,,,,,,,,,
MAY_GAS_DEFEND;Can defend against Gas Attack\n;Peut se défendre des attaques aux gaz\n;Kann sich gegen Gasangriff verteidigen.\n;;Puede defenderse de ataques de gases\n;;;;;;;;x;;;,,,,,,,,,,,,,,,,,,
IMMIGRANTS_FROM;There were §G$VAL$§W immigrants from $NAME$.;Il y avait §G$VAL$§W immigrants de $NAME$.;Es gab §G$VAL$§W Immigranten aus $NAME$.;;Había §G$VAL$§W inmigrantes procedentes de $NAME$.;;;;;;;;x;;;,,,,,,,,,,,,,,,,,,
EMIGRANTS_TO;§R$VAL$§W emigrated to $NAME$.;§R$VAL$§W ont émigré vers $NAME$.;§R$VAL$§W emigrierten nach $NAME$.;;§R$VAL$§W emigrados a $NAME$.;;;;;;;;x;;;,,,,,,,,,,,,,,,,,,
PW_ALL_FOCUSES_USED;All national focuses are already used.;Toutes les causes nationales ont déjà été utilisées.;Alle nationalen Fokusse sind bereits eingesetzt.;;Ya están en uso todos los objetivos nacionales.;;;;;;;;x;;;,,,,,,,,,,,,,,,,,,
HAS_NO_FACTORIES;Has NO factories.\n;Ne dispose d'AUCUNE usine.\n;Hat KEINE Fabriken.\n;;NO tiene fábricas.\n;;;;;;;;x;;;,,,,,,,,,,,,,,,,,,
HAS_FACTORIES;Has factories.\n;Dispose d'usines.\n;Hat Fabriken.\n;;Tiene fábricas.\n;;;;;;;;x;;;,,,,,,,,,,,,,,,,,,
RETREAT_DELAY_IRO;There is still §Y$VAL$§W day(s) left until a voluntary retreat can be made.;Il reste §Y$VAL$§W jour(s) jusqu'à ce qu'une retraite volontaire puisse intervenir.;Ein freiwilliger Rückzug ist erst in §Y$VAL$§W Tag(en) möglich.;;Aún falta(n) §Y$VAL$§W día(s) hasta que se pueda realizar una retirada voluntaria.;;;;;;;;x;;;,,,,,,,,,,,,,,,,,,
PW_CANTCOLONIZE;Not possible to colonize here yet.;Impossible de coloniser ici pour le moment.;Kolonisierung hier noch nicht möglich.;;Aquí no se puede colonizar todavía.;;;;;;;;x;;;,,,,,,,,,,,,,,,,,,
IS_COLONIAL_STATE_POPVIEW;Colonial State;État colonial;Kolonialstaat;;Estado colonial;;;;;;;;x;;;,,,,,,,,,,,,,,,,,,
CULTURE_IS_NOT;Culture is NOT;La culture n'est PAS;Kultur ist NICHT;;La cultura NO es;;;;;;;;x;;;,,,,,,,,,,,,,,,,,,
CULTURE_IS;Culture is;La culture est;Kultur ist;;La cultura es;;;;;;;;x;;;,,,,,,,,,,,,,,,,,,
INVALID_WARTARGET_TROOPS_IN_THEM;We have troops inside their borders.;Nous avons des troupes à l'intérieur de leurs frontières.;Wir haben Truppen innerhalb ihrer Grenzen.;;Tenemos tropas dentro de sus fronteras.;;;;;;;;x;;;,,,,,,,,,,,,,,,,,,
WEX_EFFECTS;Current Effects;Effets actuels;Aktuelle Effekte;;Efectos en curso;;;;;;;;x;;;,,,,,,,,,,,,,,,,,,
NOBODY_CAN_VOTE_HERE;Nobody is allowed the vote.;Personne n'est autorisé à voter.;Niemand darf wählen.;;Nadie puede votar.;;;;;;;;x;;;,,,,,,,,,,,,,,,,,,
NOT_ABLE_TO_REINFORCE;This pop is now too small to reinforce this brigade.;Ce POP est trop petit pour renforcer ce régiment.;Diese Bev ist zur Verstärkung dieser Brigade nun zu klein.;;Esta POB es demasiado pequeña para reforzar esta brigada.;;;;;;;;;x;;,,,,,,,,,,,,,,,,,,
POP_SIZE_UNITVIEW;This pop has §Y$VAL$§W people and can support §Y$ALLOWED$§W brigades. Currently it has §Y$CURRENT$§W brigades..;Ce POP dispose de §Y$VAL$§W personnes et peut soutenir §Y$ALLOWED$§W régiment(s). Il dispose actuellement de §Y$CURRENT$§W régiment(s).;Diese Bev besteht aus §Y$VAL$§W Menschen und kann §Y$ALLOWED$§W Brigaden unterstützen. Derzeit hat sie §Y$CURRENT$§W Brigaden.;;Esta POB cuenta con §Y$VAL$§W personas y puede mantener §Y$ALLOWED$§W brigadas. Actualmente tiene §Y$CURRENT$§W brigadas.;;;;;;;;;x;;,,,,,,,,,,,,,,,,,,
MAX_REINF_UNITVIEW;Reinforcing at §G100%§W speed.;Renfort à une vitesse de §G100%§W.;Verstärkung trifft mit §G100%§W Geschwindigkeit ein.;;Refuerzo a un §G100%§W de velocidad.;;;;;;;;;x;;,,,,,,,,,,,,,,,,,,
POP_IMPACT_UNITVIEW;Due to losses in the reserves, this unit reinforces at §Y$VAL$%§W speed.;Compte tenu des pertes subies dans les réserves, cette unité se renforce à une vitesse de §Y$VAL$%§W.;Aufgrund von Verlusten bei den Reservetruppen wird diese Einheit mit §Y$VAL$%§W Geschwindigkeit verstärkt.;;Debido a las pérdidas de las reservas, esta unidad se refuerza a un §Y$VAL$%§W de velocidad.;;;;;;;;;x;;,,,,,,,,,,,,,,,
MOB_IS_REINFORCE;Mobilized units reinforce at §Y50%§W speed.;Les unités mobilisées se renforcent à une vitesse de §Y50%§W.;Mobilisierte Einheiten werden mit §Y50%§W Geschwindigkeit verstärkt.;;Las unidades movilizadas se refuerzan a un §Y50%§W de velocidad.;;;;;;;;x;;;,,,,,,,,,,,,,,,,,,
ATPEACE;At Peace;En paix;Im Frieden;;En paz;;;;;;;;;x;;,,,,,,,,,,,,,,,,,,
POP_DETAILS_EXPENSES;Expenses:;Dépenses :;Ausgaben:;;Gastos:;;;;;;;;;x;;,,,,,,,,,,,,,,,,,,
CONFIRM_CREATE_VASSAL;Release Nation;Libérer une nation;Nation entlassen;;Liberar nación;;;;;;;;;x;;,,,,,,,,,,,,,,,,,,
CONFIRM_CREATE_VASSAL_DESC;Do you want to release §Y$COUNTRY$§W as a §Y$TYPE$§W?\n §Y$COUNTRY$§W will receive the following §Y$NUM$§W province(s): §Y$PROVINCES$§W.;Souhaitez-vous libérer §Y$COUNTRY$§W en tant que §Y$TYPE$§W ?\n §Y$COUNTRY$§W recevra la(les) §Y$NUM$§W province(s) suivante(s) : §Y$PROVINCES$§W.;Möchten Sie §Y$COUNTRY$§W als §Y$TYPE$§W entlassen?\n §Y$COUNTRY$§W würde folgende §Y$NUM$§W Provinz(en) erhalten: §Y$PROVINCES$§W.;;¿Quieres liberar a §Y$COUNTRY$§W como §Y$TYPE$§W?\n §Y$COUNTRY$§W recibirá la(s) siguiente(s) §Y$NUM$§W provincia(s): §Y$PROVINCES$§W.;;;;;;;;;x;;,,,,,,,,,,,,,,,,,,
POP_DETAILS_EXPENSES;Expenses:;Dépenses :;Ausgaben:;;Gastos:;;;;;;;;;x;;,,,,,,,,,,,,,,,,,,
CB_DESC_HEAD;This Casus Belli allows us to demand: ;Ce Casus Belli nous permet de demander : ;Dieser Kriegsgrund erlaubt uns folgende Forderungen:;;Este Casus belli nos permite exigir: ;;;;;;;;;x;;,,,,,,,,,,,,,,,,,,
TRADE_DISABLED_AUTOMATE;Trade for this goods type is automated. turn off automation to change setting;Le commerce de ce type de biens est automatisé, désactiver l'automatisation pour changer de paramètre.;Der Handel dieses Gütertyps ist automatisiert. Deaktivieren Sie zur Einstellungsänderung die Automatisierung.;;El comercio de este tipo de mercancías está automatizado. Desactivar automatización para cambiar ajuste;;;;;;;;;x;;,,,,,,,,,,,,,,,,,
AUTOMATE_TRADE_CHECK;Automate the trade for this goods type;Automatiser le commerce pour ce type de biens.;Automatisierung des Handels dieses Typs.;;Automatizar el comercio de este tipo de mercancías;;;;;;;;;x;;,,,,,,,,,,,,,,,,,,
TECHNOLOGYVIEW_RESEARCH_TOOLTIP;We are currently researching §Y$TECH$§W.\nAt the present pace, the project should be completed on §Y$DATE$§W.;Nous effectuons actuellement des recherches dans le domaine suivant : §Y$TECH$§W.\nAu rythme actuel, le projet de recherche devrait être complété le §Y$DATE$§W.;Wir erforschen derzeit §Y$TECH$§W.\nBei der momentanen Geschwindigkeit sollte das Projekt am §Y$DATE$§W abgeschlossen sein.;;Actualmente estamos investigando §Y$TECH$§W.\nEn tiempos de paz, el proyecto debería estar terminado para el §Y$DATE$§W.;;;;;;;;;x;;,,,,,,,,,,,,,,,
INCREASERELATION_THEY_ACCEPT_4;Our relation increased by §G$CHANGE$§W to §Y$RELATION$§W.;Nos relations ont augmenté de §G$CHANGE$§W pour atteindre §Y$RELATION$§W.;Unsere Beziehung verbesserte sich um §G$CHANGE$§W auf §Y$RELATION$§W.;*;Nuestra relación ha mejorado en §R$CHANGE$§W hasta colocarse en §Y$RELATION$§W.;*;*;;;;;;;x;;,,,,,,,,,,,,,,,,,,
INCREASERELATION_WE_ACCEPT_4;Our relation increased by §G$CHANGE$§W to §Y$RELATION$§W.;Nos relations ont augmenté de §G$CHANGE$§W pour atteindre §Y$RELATION$§W.;Unsere Beziehung verbesserte sich um §G$CHANGE$§W auf §Y$RELATION$§W.;*;Nuestra relación ha mejorado en §R$CHANGE$§W hasta colocarse en §Y$RELATION$§W.;*;*;;;;;;;x;;,,,,,,,,,,,,,,,,,,
DECREASERELATION_WE_ACCEPT_5;Our relation changed by §R$CHANGE$§W to §Y$RELATION$§W.;Nos relations ont évolué de §G$CHANGE$§W pour atteindre §Y$RELATION$§W.;Unsere Beziehung änderte sich um §G$CHANGE$§W auf §Y$RELATION$§W.;;Nuestra relación ha cambiado en §R$CHANGE$§W hasta colocarse en §Y$RELATION$§W.;;;;;;;;;x;;,,,,,,,,,,,,,,,,,,
DECREASERELATION_THEY_ACCEPT_6;Our relation changed by §R$CHANGE$§W to §Y$RELATION$§W.;Nos relations ont évolué de §G$CHANGE$§W pour atteindre §Y$RELATION$§W.;Unsere Beziehung änderte sich um §G$CHANGE$§W auf §Y$RELATION$§W.;;Nuestra relación ha cambiado en §R$CHANGE$§W hasta colocarse en §Y$RELATION$§W.;;;;;;;;;x;;,,,,,,,,,,,,,,,,,,
POP_PROMOTE_INFO_ON_SEL;$VAL$ have become $WHO$ in $WHERE$ recently.;Aujourd'hui, $VAL$ sont devenu $WHO$ en $WHERE$.;$VAL$ haben sich heute in $WHERE$ angemeldet, um $WHO$ zu werden.;;$VAL$ ha(n) firmado hoy para ser $WHO$ en $WHERE$.;;;;;;;;;x;;,,,,,,,,,,,,,,,,
POP_LEAVE_INFO_ON_SEL;$VAL$ have stopped being $WHO$ in $WHERE$ recently.;Aujourd'hui, $VAL$ ont cessé d'être $WHO$ en $WHERE$.;$VAL$ haben heute in $WHERE$ aufgehört, $WHO$ zu sein.;;$VAL$ ha(n) dejado hoy de ser $WHO$ en $WHERE$.;;;;;;;;;x;;,,,,,,,,,,,,,,,,
DOMINION;Dominion;Dominion;Dominion;;Dominio;;;;;;;;;x;;,,,,,,,,,,,,,,,,,,
SATELLITE;Satellite;Satellite;Satellitenstaat;;Satélite;;;;;;;;;x;;,,,,,,,,,,,,,,,,,,
DOMINION_OF_NOCOLOR;Dominion of;Dominion de;Dominion von;;Dominio de;;;;;;;;;x;;,,,,,,,,,,,,,,,,,,
SATELLITE_OF_NOCOLOR;Satellite of;Satellite de;Satellitenstaat von;;Satélite de;;;;;;;;;x;;,,,,,,,,,,,,,,,,,,
DIPLOMACY_CANNOT_SET_PRIO_MYVASSAL;They are a §Y$TYPE$§W of ours and are always in our §YSphere of Influence§W;Ils constituent l'un de nos §Y$TYPE$§W et sont toujours dans notre §Ysphère d'influence§W;Sie sind ein §Y$TYPE$§W und gehören daher auf immer zu unserer §YEinflusssphäre§W;;Son un §Y$TYPE$§W nuestro y siempre están en nuestra §Yesfera de influencia§W;;;;;;;;;x;;,,,,,,,,,,,,,,,,,,
DIPLOMACY_TRUCE_WITH;Truce with:;Trêve avec : ;Waffenruhe:;;Tregua con:;;;;;;;;;x;;,,,,,,,,,,,,,,,,,,
DIPLOMACY_CASUSBELLIS;Casus bellis:;Casus Belli : ;Kriegsgründe:;;Casus belli:;;;;;;;;;x;;,,,,,,,,,,,,,,,,,,
tut_1c_9;As we said before, should a pop with soldiers attached to it rebel the brigades will rebel with it. If a brigade has a rebel faction icon next to its population icon, this means that it's POP is a member of a faction. This is very dangerous. One way to check the status of this pop and what its issues are is to click the pop icon in the unit view to open the Population view. For now, just click Next to continue.;Comme mentionné précédemment, si un POP auquel sont liés des soldats se rebelle, les régiments se rebelleront également. Si l'icône de population d'un régiment est accompagnée d'une icône de faction rebelle, cela indique que son POP est membre d'une faction. C'est très dangereux. Pour consulter le statut de ce POP et connaître ses revendications, cliquez sur l'icône du groupe dans la vue Unité afin d'ouvrir la vue Population. Pour le moment, cliquez sur Suivant pour continuer.;Wie bereits gesagt: Sollte eine mit Soldaten verbundene Bev rebellieren, so gilt dies auch für die mit ihr verbundenen Brigaden. Wenn sich neben dem Bevölkerungssymbol einer Brigade ein Rebellenfraktionssymbol befindet, bedeutet dies, dass ihre Bev eine Rebellenfraktion angehört. Dies ist äußerst gefährlich. Den Status dieser Bev und ihre Probleme können Sie durch Anklicken des Bev-Symbols im Einheitenbildschirm überprüfen, worauf der Bevölkerungsbildschirm aufgerufen wird. Klicken Sie nun zum Fortfahren auf Weiter.;;Como ya hemos dicho, si una población con soldados adscritos se rebelara, las brigadas se rebelarán con ella. Si una brigada tiene un icono de facción junto a su icono de población, significa que su POB es miembro de una facción. Esto es muy grave. Una manera de consultar el estado de dicha población y sus asuntos es hacer clic en el icono de POB, en la vista de unidad, para abrir la vista de población. De momento, haz clic en Siguiente para continuar.;;;;;;;;;x;;
#REMOVEFROMSPHERE_DESC;Removes nation from another §YGreat Power§W's Sphere of Influence.;Supprime une nation de la sphère d'influence d'une autre §YGrande Puissance§W.;Entfernt Nation aus der Einflusssphäre einer anderen §YGroßmacht§W.;;Saca a una nación de la esfera de influencia de otra §YGran potencia§W.;;;;;;;;;x;;,,,,,,,,,,,,,,,,,,
BUDGET_VIEW_CRIME_FIGHT;Crime Fighting Effect:;Effet de lutte contre le crime :;Verbrechensbekämpfungseffekt:;;Efecto de lucha contra el crimen:;;;;;;;;;x;;,,,,,,,,,,,,,,,,,,
POP_CURRENT_PROD;Current Production:;Production actuelle :;Aktuelle Produktion:;;Producción actual:;;;;;;;;;x;;,,,,,,,,,,,,,,,,,,
ALREADY_ASSIMILATED;Primary or Accepted Culture;Culture principale ou acceptée;Primärkultur oder akzeptierte Kultur;;Cultura principal o aceptada;;;;;;;;;x;;,,,,,,,,,,,,,,,,,,
TCP_SERVER_LOST;Server lost while transfering save!;Connexion avec le serveur perdue lors de la sauvegarde !;Serververbindung während Übertragung von gespeichertem Spielstand unterbrochen!;;¡Se ha perdido el contacto con el servidor mientras se transfería el guardado!;;;;;;;;;x;;,,,,,,,,,,,,,,,,,,
tut_7b_6;The prices are set globally each day on the World Market as a function of supply and demand. The current supply and demand will set a target price which the actual price will gradually close in on, you should keep an eye on the development of prices on goods that are important to you. Are Small Arms going up, perhaps its time to build a new factory. The arrow next to the price indicates whether prices are rising (green), remaining steady (yellow) or falling (red). Click 'Next' to continue;Tous les jours sur le marché mondial, les prix sont fixés de manière globale selon la loi de l'offre et de la demande. L'offre et la demande actuelles permettent de fixer un prix cible duquel le prix réel se rapprochera progressivement. Vous devez surveiller l'évolution des prix des marchandises que vous souhaitez acquérir. Le prix des armes légères grimpe ? Alors, il est peut-être temps de construire une nouvelle usine. La flèche située près du prix indique s'il monte (vert), s'il est stable (jaune) ou s'il baisse (rouge). Cliquez sur Suivant pour continuer.;Die Weltmarktpreise werden täglich basierend auf Angebot und Nachfrage ermittelt. Die aktuelle Angebot und Nachfrage-Situation stellt einen Zielpreis ein, dem sich der tatsächliche Preis allmählich annähert. Aus diesem Grund sollten Sie die Preisentwicklung von Gütern im Auge behalten, die für Sie wichtig sind. Ziehen die Preise für Handfeuerwaffen an? Ist es vielleicht an der Zeit, eine neue Fabrik zu bauen? Der Pfeil neben dem Preis zeigt an, ob er steigt (grün), gleich bleibt (gelb) oder fällt (rot). Klicken Sie zum Fortfahren auf Weiter.;;Los precios se fijan globalmente cada día en el mercado mundial en función de la oferta y la demanda. Esto fija un precio objetivo al que el precio en curso se irá acercando de forma progresiva. Debes estar atento a la evolución de los precios de las mercancías que te interesan. ¿Suben las armas ligeras? Tal vez debamos construir una nueva fábrica. La flecha indica si los precios están subiendo (verde), se mantienen estables (amarillo) o están descendiendo (rojo). Haz clic en 'Siguiente'.;;;;;;;;;x;;,,,,,,
tut_7b_8;The image below illustrates the world market entry for clipper convoys. The icons in the bottom row indicate whether we are currently selling or buying the good, and whether trading is currently set to AI automation or not. The government (the player or the AI) can buy and sell on the market in two ways, either by setting trade orders or by automatic trades generated through other actions in the game. Click the Icon for Clipper Convoys to see an automatic Trade.;L'illustration ci-dessous représente l'entrée sur le marché mondial des convois de voiliers marchands. Les icônes du bas indiquent si nous vendons ou achetons des marchandises et si le commerce est défini sur l'automatisation IA ou non. Le gouvernement (le joueur ou l'IA) peut acheter et vendre sur le marché de deux façons : en passant des commandes ou en générant des transactions automatiques via d'autres actions du jeu. Cliquez sur l'icône des convois de voiliers marchands pour assister à une transaction automatique.;Das unten stehende Bild zeigt den Weltmarkteintrag für Klipper-Konvois. Die Symbole in der untersten Leiste zeigen an, ob wir das betreffende Handelsgut derzeit verkaufen oder kaufen, und ob der Handel derzeit auf KI-Automatisierung eingestellt ist oder nicht. Die Regierung (der Spieler oder die KI) kann auf dem Markt auf zweierlei Art kaufen und verkaufen: Entweder durch Erteilung von Handelsaufträgen oder durch automatische Handelsgeschäfte, die durch andere Spielaktionen erzeugt werden. Klicken Sie nun auf das Klipper-Konvoi-Symbol, um sich ein automatisiertes Handelsgeschäft anzusehen.;;La imagen muestra la entrada del mercado mundial para convoy de clíperes. Los iconos indican si actualmente estamos comprando o vendiendo la mercancía, y si el comercio está bajo control de la IA o no. El gobierno (jugador o IA) puede comprar y vender de dos maneras, ya sea emitiendo órdenes de compra y venta o por transacciones automáticas generadas a través de otras acciones del juego. Haz clic en el icono de Convoy de clíperes para ver una transacción automática.;;;;;;;;;x;;,,,,,,,,,,
DIPLO_CALL_ALLIES;Call Allies;Appeler les alliés;Bündnisparter zu Hilfe rufen;;Conseguir aliados;;;;;;;;;x;;,,,,,,,,,,,,,,,,,,
RULE_OPEN_FACTORY;Open/Close Factory;Ouvrir/Fermer une usine;Fabrik öffnen/schließen;;Abrir/cerrar fábrica;;;;;;;;;x;;,,,,,,,,,,,,,,,,,,
PRODUCTION_NOT_DESTROY_FACTORY_BECAUSE_TOOLTIP;We are §RNOT§W allowed to destroy this factory because:\n;Nous ne sommes §RPAS§W autorisés à agrandir cette usine car :\n;Wir können diese Fabrik aus folgenden Gründen §RNICHT§W ausbauen:\n;;§RNO§W podemos destruir esta fábrica porque:\n;;;;;;;;;x;;,,,,,,,,,,,,,,,,,,
BE_ANNEXED;Annexed;Annexée;Annektiert;;Anexionada;;;;;;;;;x;;,,,,,,,,,,,,,,,,,,
PW_COLONY_NO_STATE;At least §Y$NUM$§W% of the population need to be Bureaucrats of an accepted Culture in order to convert this colonial possession into a full national state. Current ratio is §Y$CURR$§W%;Au moins §Y$NUM$%§W de la population d'une culture acceptée doit être composée de bureaucrates pour convertir cette possession coloniale en État national à part entière.\nLa proportion actuelle est de §Y$CURR$%§W.;Mindestens §Y$NUM$§W% der Bevölkerung müssen Bürokraten einer akzeptierten Kultur sein, damit wir diesen Kolonialbesitz zu einem vollwertigen Nationalstaat machen können. Aktuelle Rate ist §Y$CURR$§W%;;Al menos un §Y$NUM$§W% de la población debe estar formado por burócratas de una cultura aceptada para poder convertir esta posesión colonial en un estado nacional completo. La proporción actual es de un §Y$CURR$§W%;;;;;;;;;x;;,,,,,,,,,,,,,,,,,
REMOVE_PW_COLONY_NO_STATE;At least §Y$NUM$§W% of the population need to be Bureaucrats of an accepted Culture. Current ratio is §Y$CURR$§W%;Au moins §Y$NUM$%§W de la population d'une culture acceptée doit être composée de bureaucrates. La proportion actuelle est de §Y$CURR$%§W.;Mindestens §Y$NUM$§W% der Bevölkerung müssen Bürokraten einer akzeptierten Kultur sein. Aktuelle Rate ist §Y$CURR$§W%;;Al menos un §Y$NUM$§W% de la población tienen que ser burócratas de una cultura aceptada. La proporción actual es de un §Y$CURR$§W%;;;;;;;;;x;;,,,,,,,,,,,,,,,,,,
BAD_SAVE;Error: Bad save.;Erreur : mauvaise sauvegarde;Fehler: Gespeicherter Spielstand schadhaft.;;Error: guardado defectuoso.;;;;;;;;;x;;,,,,,,,,,,,,,,,,,,
tut_4c_12b;Let's continue to Army.;Passons à l'armée.;Lassen Sie uns nun mit der Armee fortfahren.;;Pasemos a Ejército;;;;;;;;;x;;,,,,,,,,,,,,,,,,,,
MILITARY_DIG_IN_CAP;Dig-in cap;Capacité à se retrancher;Eingrabungs-Limit;;Límite de atrincheramiento;;;;;;;;;x;;,,,,,,,,,,,,,,,,,,
MILITARY_MILITARY_TACTICS;Military tactics;Tactiques militaires;Militärtaktik;;Tácticas militares;;;;;;;;;x;;,,,,,,,,,,,,,,,,,,
COUNTRYALERT_NO_CanDoDecisions;There are no decisions that presently demand our attention.;Actuellement, aucune décision ne nécessite notre attention.;Derzeit gibt es keine Entscheidungen, die unserer Aufmerksamkeit bedürfen.;;No hay decisiones que reclamen nuestra atención en estos momentos.;;;;;;;;;x;;,,,,,,,,,,,,,,,,
POP_OTHER_LABEL;Other;Autres;Andere;;Otra;;;;;;;;;x;;,,,,,,,,,,,,,,,,,,
WARSUBSIDIES_DESC;Offer §Y$MONEY$§W¤ each day to help this nation;Offrir §Y$MONEY$§W¤chaque jour pour aider cette nation;Bieten Sie zur Unterstützung dieser Nation täglich §Y$MONEY$§W¤ an.;;Ofrecer §Y$MONEY$§W¤ cada día para ayudar a esta nación;;;;;;;;;x;;,,,,,,,,,,,,,,,,,,
IS_NOT_OUR_VASSAL; is NOT our Puppet; n'est PAS notre État fantoche;ist NICHT unser Marionettenstaat;; NO es títere nuestro;;;;;;;;;x;;,,,,,,,,,,,,,,,,,,
IS_OUR_VASSAL; is our Puppet; est notre État fantoche;ist unser Marionettenstaat;; es nuestro títere;;;;;;;;;x;;,,,,,,,,,,,,,,,,,,
COUNTRYALERT_HaveOrganizingRebels;Rebel Factions are organizing in our country!;Les factions rebelles s'organisent dans notre pays !;In unserem Land organisieren sich Rebellenfraktionen!;;¡Se están organizando facciones rebeldes en nuestro país!;;;;;;;;;x;;,,,,,,,,,,,,,,,,,,
TOTAL_REBEL_POP;Rebel Faction Members;Membres de la faction rebelle;Rebellenfraktionsmitglieder;;Miembros de facción rebelde;;;;;;;;;x;;,,,,,,,,,,,,,,,,,,
NUMBER_OF_EMIREES;§Y$NUM$§W have left our nation for other countries this month;§Y$NUM$§W personnes ont quitté notre nation à destination d'autres pays ce mois-ci.;§Y$NUM$§W haben unsere Nation diesen Monat in andere Länder verlassen.;;§Y$NUM$§W personas han abandonado este mes nuestro país para emigrar a otros;;;;;;;;;x;;,,,,,,,,,,,,,,,,,,
NUMBER_OF_IMMIGREES;§Y$NUM$§W have arrived our nation from other countries this month;§Y$NUM$§W personnes ont rejoint notre nation en provenance d'autres pays ce mois-ci.;§Y$NUM$§W sind diesen Monat aus anderen Ländern in unserer Nation angekommen.;;§Y$NUM$§W personas han llegado este mes a nuestro país desde otros;;;;;;;;;x;;,,,,,,,,,,,,,,,,,,
IS_DISARMED;is disarmed;est désarmé(e);ist entwaffnet;;está desarmada;;;;;;;;;x;;,,,,,,,,,,,,,,,,,,
IS_NOT_DISARMED;is not disarmed;n'est pas désarmé(e);ist nicht entwaffnet;;no está desarmada;;;;;;;;;x;;,,,,,,,,,,,,,,,,,,
TRUCE_LASTS_UNTIL;Truce lasts until §Y$DATE$§W;La trêve durera jusqu'au §Y$DATE$§W.;Waffenruhe dauert bis zum §Y$DATE$§W;;La tregua dura hasta §Y$DATE$§W;;;;;;;;;x;;,,,,,,,,,,,,,,,,,,
LOBBY_HOST_ONLY;Only the host may start the game;Seul l'hôte peut lancer la partie.;Das Spiel kann nur vom Host begonnen werden;;Solo puede iniciar la partida el anfitrión;;;;;;;;;x;;,,,,,,,,,,,,,,,,,,
LOBBY_WAITING;You must wait for all players to start, or kick the ones who are missing.;Vous devez attendre tous les joueurs pour commencer ou expulser ceux qui manquent.;Sie müssen zum Starten auf alle Spieler warten oder jene ausschließen, die noch fehlen.;;Debes esperar a todos los jugadores para iniciar la partida, o expulsar a los que faltan.;;;;;;;;;x;;,,,,,,,,,,,,,,,
NO_UNIT_TECH;We must discover §Y$TECH$§W to build §Y$UNIT$§W;Nous devons découvrir §Y$TECH$§W pour construire/former §Y$UNIT$§W.;Zum Bau von §Y$UNIT$§W müssen wir §Y$TECH$§W erforschen.;;Tenemos que descubrir §Y$TECH$§W para construir §Y$UNIT$§W;;;;;;;;;x;;,,,,,,,,,,,,,,,,,,
NO_UNIT_REGIMENTS;We cannot build §Y$UNIT$§W anywhere. Get more §YSoldiers§W.;Nous ne pouvons pas former §Y$UNIT$§W n'importe où. Recrutez plus de §Ysoldats§W.;Wir können §Y$UNIT$§W nirgendwo bauen. Rekrutieren Sie mehr §YSoldaten§W.;;No podemos construir §Y$UNIT$§W en cualquier sitio. Consigue más §YSoldados§W.;;;;;;;;;x;;,,,,,,,,,,,,,,,,,,
NO_UNIT_PORTS;We cannot build §Y$UNIT$§W anywhere. Get a §YCoastal§W province.;Nous ne pouvons pas construire §Y$UNIT$§W n'importe où. Procurez-vous une province §Ycôtière§W.;Wir können §Y$UNIT$§W nirgendwo bauen. Verschaffen Sie sich eine §YKüsten§W-Provinz.;;No podemos construir §Y$UNIT$§W en cualquier sitio. Consigue una provincia §YCostera§W.;;;;;;;;;x;;,,,,,,,,,,,,,,,,,,
DIPLOMACY_WARDIALOG_ALLIES;§Y$COUNTRY$§W is protected by the following nation(s):;§Y$COUNTRY$§W est sous la protection de la ou des nations suivantes :;§Y$COUNTRY$§W steht unter dem Schutz folgender Nation(en):;;§Y$COUNTRY$§W está protegido por lo(s) siguiente(s) país(es):;;;;;;;;;x;;,,,,,,,,,,,,,,,,,,
DIPLOMACY_WARDIALOG_NUM_ALLIES;§Y$COUNTRY$§W is protected by §Y$NUM$§W nation(s);§Y$COUNTRY$§W est sous la protection de §Y$NUM$§W nation(s).;§Y$COUNTRY$§W steht unter dem Schutz von §Y$NUM$§W Nation(en):;;§Y$COUNTRY$§W está protegido por §Y$NUM$§W país(es);;;;;;;;;x;;,,,,,,,,,,,,,,,,,,
DIPLOMACY_WARDIALOG_ALLY;Ally;Allié;Verbündeter;;Aliado;;;;;;;;;x;;,,,,,,,,,,,,,,,,,,
WARGOAL_WE_ACCEPT_HEADER;The Foreign Minister reports;Le ministre des Affaires étrangères indique :;Der Außenminister berichtet:;;El ministro de Exteriores informa;;;;;;;;;x ;;,,,,,,,,,,,,,,,,,,
WARGOAL_WE_ACCEPT_1;$MONARCHTITLE$;$MONARCHTITLE$;$MONARCHTITLE$;;$MONARCHTITLE$;;;;;;;;;x ;;,,,,,,,,,,,,,,,,,,
WARGOAL_WE_ACCEPT_2;$ACTOR$ has decided to expand our current war by demanding;$ACTOR$ a décidé d'étendre notre guerre actuelle en demandant;$ACTOR$ hat sich entschieden, unseren aktuellen Krieg mit folgender Forderung zu erweitern:;;$ACTOR$ ha decidido ampliar nuestra guerra al exigir;;;;;;;;;x ;;,,,,,,,,,,,,,,,,,
WARGOAL_WE_ACCEPT_3;$WARGOAL$;§Y$WARGOAL$§W;$WARGOAL$;;$WARGOAL$;;;;;;;;;x ;;,,,,,,,,,,,,,,,,,,
WARGOAL_WE_ACCEPT_4;The fools think we will somehow cave into them.;Ces imbéciles pensent que nous allons céder.;Die Narren denken, dass wir schon irgendwie nachgeben werden.;;Los muy insensatos se creen que, de un modo u otro, nos rendiremos ante ellos.;;;;;;;;;x ;;,,,,,,,,,,,,,,,
WARGOAL_WE_ACCEPT_5;*;*;*;*;*;*;*;;;;;;;x;;,,,,,,,,,,,,,,,,,,
WARGOAL_WE_ACCEPT_6;We will punish them for their insolence.;Nous les punirons pour leur insolence.;Ihre Unverschämtheit wird sie noch teuer zu stehen kommen!;;Los castigaremos por su insolencia.;;;;;;;;;x ;;,,,,,,,,,,,,,,,,,,
WARGOAL_WE_ACCEPT_BTN1;OK;D'accord;OK;OK;OK;Aceptar;OK;Rendben;OK;;;;;;x;,,,,,,,,,,,,,,,,,,
WARGOAL_WE_ACCEPT_BTN2;OK;D'accord;OK;OK;OK;Aceptar;OK;Rendben;OK;;;;;;x;,,,,,,,,,,,,,,,,,,
WARGOAL_WE_ACCEPT_BTN3;Go to;Voir;Go to;IdŸ do;Ir allí;Andare;Ugrás;Pøejít na;;;;;;x;;,,,,,,,,,,,,,,,,,,
WARGOAL_WE_ACCEPT_LOG;$ACTOR$ expanded their war with us to include $WARGOAL$.;$ACTOR$ a étendu sa guerre contre nous pour inclure $WARGOAL$.;$ACTOR$ erweiterte seinen Krieg gegen uns um das Ziel '$WARGOAL$'.;;$ACTOR$ ha ampliado su guerra con nosotros para incluir $WARGOAL$.;;;;;;;;;x ;;,,,,,,,,,,,,,,,,,,
WARGOAL_THEY_ACCEPT_HEADER;The Foreign Minister reports;Le ministre des Affaires étrangères indique :;Der Außenminister berichtet:;;El ministro de Exteriores informa;;;;;;;;;x ;;,,,,,,,,,,,,,,,,,,
WARGOAL_THEY_ACCEPT_1;$MONARCHTITLE$;$MONARCHTITLE$;$MONARCHTITLE$;;$MONARCHTITLE$;;;;;;;;;x ;;,,,,,,,,,,,,,,,,,,
WARGOAL_THEY_ACCEPT_2;We have decided to expand our war by demanding;Nous avons décidé d'étendre notre guerre en demandant;Wir haben uns entschieden, unseren aktuellen Krieg mit folgender Forderung zu erweitern:;;Hemos decidido ampliar nuestra guerra exigiendo;;;;;;;;;x ;;,,,,,,,,,,,,,,,,,
WARGOAL_THEY_ACCEPT_3;$WARGOAL$;§Y$WARGOAL$§W;$WARGOAL$;;$WARGOAL$;;;;;;;;;x ;;,,,,,,,,,,,,,,,,,,
WARGOAL_THEY_ACCEPT_4;We had tried to be reasonable with $RECIPIENT$;Nous avons essayé d'être raisonnables avec $RECIPIENT$.;Wir haben versucht, vernünftig mit $RECIPIENT$ zu verhandeln.;;Hemos intentado ser razonables con $RECIPIENT$;;;;;;;;;x ;;,,,,,,,,,,,,,,,,,
WARGOAL_THEY_ACCEPT_5;*;*;*;*;*;*;*;;;;;;;x;;,,,,,,,,,,,,,,,,,,
WARGOAL_THEY_ACCEPT_6;Now they will pay the price for their lack of vision.;Maintenant, ils vont payer le prix pour leur manque de vision.;Nun werden sie den Preis für ihre Engstirnigkeit zahlen.;;Ahora pagarán el precio por su falta de visión.;;;;;;;;;x ;;,,,,,,,,,,,,,,,,,
WARGOAL_THEY_ACCEPT_BTN1;OK;D'accord;OK;OK;OK;Aceptar;OK;Rendben;OK;;;;;;x;,,,,,,,,,,,,,,,,,,
WARGOAL_THEY_ACCEPT_BTN2;OK;D'accord;OK;OK;OK;Aceptar;OK;Rendben;OK;;;;;;x;,,,,,,,,,,,,,,,,,,
WARGOAL_THEY_ACCEPT_BTN3;Go to;Voir;Go to;IdŸ do;Ir allí;Andare;Ugrás;Pøejít na;;;;;;x;;,,,,,,,,,,,,,,,,,,
WARGOAL_THEY_ACCEPT_LOG;We expanded our war with $RECIPIENT$ to include $WARGOAL$.;Nous avons étendu notre guerre contre $RECIPIENT$ pour inclure $WARGOAL$.;Wir haben den Krieg mit $RECIPIENT$ um das Ziel '$WARGOAL$' erweitert.;;Hemos ampliado nuestra guerra con $RECIPIENT$ para incluir $WARGOAL$.;;;;;;;;;x ;;,,,,,,,,,,,,,,,,,,
WARGOAL_OTHER_ACCEPT_HEADER;The Foreign Minister reports;Le ministre des Affaires étrangères indique :;Der Außenminister berichtet:;;El ministro de Exteriores informa;;;;;;;;;x ;;,,,,,,,,,,,,,,,,,,
WARGOAL_OTHER_ACCEPT_1;$MONARCHTITLE$;$MONARCHTITLE$;$MONARCHTITLE$;;$MONARCHTITLE$;;;;;;;;;x ;;,,,,,,,,,,,,,,,,,,
WARGOAL_OTHER_ACCEPT_2;We have heard rumours from distant lands;Des rumeurs nous sont parvenues depuis de lointaines contrées.;Uns sind Gerüchte aus fernen Landen zu Ohren gekommen:;;Nos llegan rumores desde tierras lejanas;;;;;;;;;x ;;,,,,,,,,,,,,,,,,,,
WARGOAL_OTHER_ACCEPT_3;It seems that $ACTOR$;Il semble que $ACTOR$;Es scheint so, als ob sich $ACTOR$;;Por lo visto, $ACTOR$;;;;;;;;;x ;;,,,,,,,,,,,,,,,,
WARGOAL_OTHER_ACCEPT_4;has decided to expand its war with $RECIPIENT$;ait décidé d'étendre sa guerre contre $RECIPIENT$;entschieden hätte, den Krieg mit $RECIPIENT$;;ha decidido ampliar su guerra con $RECIPIENT$;;;;;;;;;x ;;,,,,,,,,,,,,,,,,,
WARGOAL_OTHER_ACCEPT_5;by adding $WARGOAL$;en ajoutant $WARGOAL$.;um das Ziel '$WARGOAL$' zu erweitern.;;para $WARGOAL$;;;;;;;;;x;;,,,,,,,,,,,,,,,,,,
WARGOAL_OTHER_ACCEPT_6;Like we care.;Comme si cela nous importait.;Als ob uns das interessieren würde.;;Como si nos importara.;;;;;;;;;x ;;,,,,,,,,,,,,,,,,,,
WARGOAL_OTHER_ACCEPT_BTN1;OK;D'accord;OK;OK;OK;Aceptar;OK;Rendben;OK;;;;;;x;,,,,,,,,,,,,,,,,,,
WARGOAL_OTHER_ACCEPT_BTN2;OK;D'accord;OK;OK;OK;Aceptar;OK;Rendben;OK;;;;;;x;,,,,,,,,,,,,,,,,,,
WARGOAL_OTHER_ACCEPT_BTN3;Go to;Voir;Go to;IdŸ do;Ir allí;Andare;Ugrás;Pøejít na;;;;;;x;;,,,,,,,,,,,,,,,,,,
WARGOAL_OTHER_ACCEPT_LOG;$ACTOR$ expanded their war with $RECIPIENT$ to include $WARGOAL$.;$ACTOR$ a étendu sa guerre contre $RECIPIENT$ pour inclure $WARGOAL$.;$ACTOR$ erweiterte den Krieg mit $RECIPIENT$ um das Ziel '$WARGOAL$'.;;$ACTOR$ ha ampliado su guerra con $RECIPIENT$ para incluir $WARGOAL$.;;;;;;;;;x ;;,,,,,,,,,,,,,,,,,,
NO_GP_ACTION_ON_SELF;It would be foolish to target ourselves;Cela serait idiot de nous viser.;Es wäre unsinnig, uns selbst ins Visier zu nehmen ...;;Sería absurdo apuntar hacia nosotros mismos;;;;;;;;;x;;,,,,,,,,,,,,,,,,,
OL_VIEW_SIEGES;Toggles §YOccupation§W view;Active la vue §YOccupation§W.;Schaltet §YBesetzungs§W-Ansicht um;;Activa/Desactiva la vista de §YOcupación§W;;;;;;;;;x;;,,,,,,,,,,,,,,,,,,
BADBOY_EFFECT;$DIRECTION$ $VALUE$ infamy.\n;$DIRECTION$ $VALUE$ en infamie.\n;$DIRECTION$ $VALUE$ Infamie.\n;;$DIRECTION$ $VALUE$ infamia.\n;;;;;;;;;x;;,,,,,,,,,,,,,,,,,,
WEDID_ISDISCREDITED_DESC;Discredited until §Y$UNTIL$§W. We are behind this.;Discrédit jusqu'au §Y$UNTIL$§W. Nous sommes derrière tout cela.;In Verruf gebracht bis zum §Y$UNTIL$§W. Wir stecken dahinter.;;Desacreditado hasta §Y$UNTIL$§W. Estamos detrás de esto.;;;;;;;;;x;;,,,,,,,,,,,,,,,,,,
WEDID_ISBANNEDEMBASSY_DESC;Banned embassy until §Y$UNTIL$§W. We are behind this.;Ambassade interdite jusqu'au §Y$UNTIL$§W. Nous sommes derrière tout cela.;Botschaft verbannt bis zum §Y$UNTIL$§W. Wir stecken dahinter.;;Embajada cerrada hasta §Y$UNTIL$§W. Estamos detrás de esto.;;;;;;;;;x;;,,,,,,,,,,,,,,,,,,
OTHER_MUST_NEGOTIATE_WITH_WAR_LEADER;We are not allowed to negotiate with the enemy §YWar leader§W since that would end the war. A peace treaty can only be signed between §Y$ENEMY$§W and §Y$COUNTRY$§W.;Nous ne sommes pas autorisés à négocier avec le §Ymeneur de guerre§W ennemi, car cela mettrait fin à la guerre. Un traité de paix ne peut être signé qu'entre §Y$ENEMY$§W et §Y$COUNTRY$§W.;Wir dürfen nicht mit dem feindlichen §YKriegsführer§W verhandeln, da dies den Krieg beenden würde. Ein Friedensvertrag kann nur zwischen §Y$ENEMY$§W und §Y$COUNTRY$§W unterzeichnet werden.;;No podemos negociar con el §YLíder de guerra§W enemigo, pues eso pondría fin a la guerra. Solo se puede firmar un tratado de paz entre §Y$ENEMY$§W y §Y$COUNTRY$§W.;;;;;;;;;x;;,,,,,,,,,,,,,,,
PRODUCTION_REQUIRED_DAILY_INPUTS;Required daily inputs:;Matières premières quotidiennement requises :;Erforderlicher täglicher Input:;;Recursos diarios requeridos:;;;;;;;;;x;;,,,,,,,,,,,,,,,,,,
PRODUCTION_DAILY_OUTPUT;Daily output:;Production quot.;Tägliche Leistung:;;Producción diaria:;;;;;;;;;x;;,,,,,,,,,,,,,,,,,,
COUNTRYALERT_NO_HasClosedFactories;There are no bankrupt factories in our nation;Aucune usine n'est en faillite dans notre nation.;In unserer Nation gibt es keine bankrotten Fabriken.;;En nuestra nación no hay fábricas en bancarrota.;;;;;;;;;x;;,,,,,,,,,,,,,,,,,,
COUNTRYALERT_HasClosedFactories;There are bankrupt factories in the following states:;Il y a des usines en faillite dans les États suivants :;In folgenden Staaten gibt es bankrotte Fabriken:;;Hay fábricas en bancarrota en los siguientes estados:;;;;;;;;;x;;,,,,,,,,,,,,,,,,,,
ANY_STATE_STARTS;Any State;Tout État;Beliebiger Staat;;Cualquier estado;;;;;;;;;x;;,,,,,,,,,,,,,,,,,,
WE_ARE_DISCREDITED;We are discredited;Nous sommes discrédités.;Wir wurden in Verruf gebracht;;Estamos desacreditados;;;;;;;;;x;;,,,,,,,,,,,,,,,,,,
INFLUENCE_NEIGHBOUR;Neighbouring nation;Nation voisine;Nachbarnation;;Nación vecina;;;;;;;;;x;;,,,,,,,,,,,,,,,,,,
INFLUENCE_OTHER_CONTINENT;Nation is on another continent;La nation se trouve sur un autre continent.;Nation befindet sich auf einem anderen Kontinent;;La nación está en otro continente;;;;;;;;;x;;,,,,,,,,,,,,,,,,,,
INFLUENCE_RELATIVE;Total score of nation relative to our total score;Score total de la nation par rapport au nôtre;Gesamtpunkte der Nation in Beziehung zu unseren Gesamtpunkten;;Puntuación total de nación, en relación con nuestra puntuación total;;;;;;;;;x;;,,,,,,,,,,,,,,,,,
INFLUENCE_AT_MAX;We cannot have more than §Y$MAX$§W influence in a single nation;Nous ne pouvons pas bénéficier de plus de §Y$MAX$§W d'influence dans une même nation.;Wir können in einer einzelnen Nation nicht mehr als §Y$MAX$§W Einfluss haben.;;No podemos tener una influencia superior a §Y$MAX$§W en una sola nación;;;;;;;;;x;;,,,,,,,,,,,,,,,,,,
DIPLOMACY_DAILYINFLULENCE_GAIN;We gain §Y$NUM$§W influence in §Y$COUNTRY$§W each day. Our base influence gain is §Y$BASE$§W;Nous gagnons quotidiennement §Y$NUM$§W points d'influence en §Y$COUNTRY$§W. Notre gain d'influence de base s'élève à §Y$BASE$§W;Wir erhalten in §Y$COUNTRY$§W täglich zusätzlich §Y$NUM$§W Einfluss. Unser Basis-Einfluss-Zugewinn ist §Y$BASE$§W;;Obtenemos una influencia de §Y$NUM$§W en §Y$COUNTRY$§W cada día. Nuestra ganancia base de influencia es de §Y$BASE$§W;;;;;;;;;x;;,,,,,,,,,,,,,,,,,,
DECL_WAR_NO_VASSAL;We are not allowed to declare war against §Ysatellites§W or §Ydominions§W;Nous ne sommes pas autorisés à déclarer la guerre à des §Ysatellites§W ou §Ydominions§W.;Wir dürfen §YSatellitenstaaten§W oder §YDominions§W nicht den Krieg erklären.;;No podemos declarar la guerra contra §Ysatélites§W o §Ydominios§W;;;;;;;;;x;;,,,,,,,,,,,,,,,,,,
OL_HOSTILE_SIEGES;Hostile occupation;Occupation ennemie;Feindliche Besetzung;;Ocupación hostil;;;;;;;;;x;;,,,,,,,,,,,,,,,,,,
OL_VIEW_HOSTILE_SIEGES;Toggles §YHostile Occupation§W view.;Active la vue §YOccupation ennemie§W.;Schaltet §YFeindliche Besetzung§W-Ansicht um.;;Activa/Desactiva la vista de §YOcupación hostil§W;;;;;;;;;x;;,,,,,,,,,,,,,,,,,,
POOR_MILITANCY_MORE_THAN;Poor strata militancy more than ;Militantisme des classes défavorisées supérieur à ;Militanz der Unterschicht höher als ;;Militancia de estrato pobre de más de ;;;;;;;;;x;;,,,,,,,,,,,,,,,,,,
MIDDLE_MILITANCY_MORE_THAN;Middle strata militancy more than ;Militantisme des classes moyennes supérieur à ;Militanz der Mittelschicht höher als ;;Militancia de clase media de más de ;;;;;;;;;x;;,,,,,,,,,,,,,,,,,,
RICH_MILITANCY_MORE_THAN;Rich strata militancy more than ;Militantisme des classes supérieures supérieur à ;Militanz der Oberschicht höher als ;;Militancia de estrato rico de más de ;;;;;;;;;x;;,,,,,,,,,,,,,,,,,,
POOR_MILITANCY_LESS_THAN;Poor strata militancy less than ;Militantisme des classes défavorisées inférieur à ;Militanz der Unterschicht geringer als ;;Militancia de estrato pobre de menos de ;;;;;;;;;x;;,,,,,,,,,,,,,,,,,,
MIDDLE_MILITANCY_LESS_THAN;Middle strata militancy less than ;Militantisme des classes moyennes inférieur à ;Militanz der Mittelschicht geringer als ;;Militancia de clase media de menos de ;;;;;;;;;x;;,,,,,,,,,,,,,,,,,,
RICH_MILITANCY_LESS_THAN;Rich strata militancy less than ;Militantisme des classes supérieures inférieur à ;Militanz der Oberschicht geringer als ;;Militancia de estrato rico de menos de ;;;;;;;;;x;;,,,,,,,,,,,,,,,,,,
PRODUCTION_SORT_BY_AVAILABLE_WORKFORCE_TOOLTIP;Sort by unemployed §Y$TYPE$§W;Classer par §Y$TYPE$§W sans emploi;Sortieren nach arbeitslosen §Y$TYPE$§W;;Ordenar por §Y$TYPE$§W desempleados;;;;;;;;;x;;,,,,,,,,,,,,,,,,,,
PRODUCTION_SORT_BY_AVG_INVESTORS_TOOLTIP;Sort by average §Y$TYPE$§W in state;Classer par §Y$TYPE$§W moyen dans l'État;Sortieren nach durchschnittlichen §Y$TYPE$§W im Staat;;Ordenar por media de §Y$TYPE$§W en el estado;;;;;;;;;x;;,,,,,,,,,,,,,,,,,,
PRODUCED_DETAIL;$VAL$ available for our country;$VAL$ sur notre marché commun (priorité/rang);$VAL$ für unser Land verfügbar;;$VAL$ disponible para nuestro país;;;;;;;;;x;;,,,,,,,,,,,,,,,,,,
TRADE_AVAILABLE;Available;Dispo.;Verfügbar;;Dispone;;;;;;;;;x;;,,,,,,,,,,,,,,,,,,
NOT_ENOUGH_FOR_BRIGADE;There is not enough currently to mobilize a brigade;Il n’y a pas assez de soldats pour mobiliser un régiment.;Es gibt zur Mobilisierung einer Brigade derzeit nicht ausreichend viele Soldaten;;En este momento no hay suficiente para movilizar una brigada;;;;;;;;;x;;,,,,,,,,,,,,,,,,,,
