MIL_FROM_TROOPS;Soldiers & Army;Soldats et Armée;Soldaten & Armee;;;;;;;;x;;;,,,,,,
MIL_FROM_CAP_SHIPS;Capital Ships;Navires;Großkampfschiff;;;;;;;;x;;;,,,,,,
MIL_FROM_LEADERS;Leaders;Dirigeants;Anführer;;;;;;;;x;;;,,,,,,
OCCUPATION_SCORE;Occupation: ;Occupation : ;Besetzung:;;;;;;;;x;;;,,,,,,
BLOCKADE_SCORE;Blockade: ;Blocus : ;Blockade:;;;;;;;;x;;;,,,,,,
OUTLINER_TOOLTIP_EMPLOYED;§Y$COUNT$§! Employed in factories (§Y$PERC$§!%);§Y$COUNT$§ Employés en usines (§Y$PERC$§! %);§Y$COUNT$§! in (§Y$PERC$§!%) Fabriken eingestellt;;;;;;;;x;;;,,,,,,
TRADE_SUPPLY_NEED_A;$VAL$ to supply army each day.\n;$VAL$ à fournir à l'armée chaque jour.\n;$VAL$ zur täglichen Versorgung der Armee.\n;;;;;;;;x;;;,,,,,,
TRADE_SUPPLY_NEED_N;$VAL$ to supply navy each day.\n;$VAL$ à fournir à la marine chaque jour.\n;$VAL$ zur täglichen Versorgung der Marine.\n;;;;;;;;x;;;,,,,,,
DIPLOMACY_CANNOT_SET_PRIO_WAR;We cannot influence this nation while we have a war with them.;Nous ne pouvons pas influencer cette nation tant que nous sommes en guerre contre elle.;Wir können diese Nation nicht beeinflussen, während wir einen Krieg gegen sie führen.;;;;;;;;x;;;,,,,,
DIPLOMACY_INFLUENCE_NOT_WORTH;We are already influencing this country at maximum, and there is no other country influencing it. No points are spent for now.;Nous influençons déjà ce pays au maximum et aucun autre pays ne l'influence. Aucun point n'est dépensé pour le moment.;Wir haben den Einfluss auf dieses Land bereits maximiert und kein anderes Land beeinflusst es. Es wurden keine Punkte ausgegeben.;;;;;;;;x;;;,,,,,
COLONY_ABORT_HEADER;When our colonization has been aborted.;Lorsque notre colonisation à été abandonnée;Sobald unsere Kolonisierung abgebrochen wurde.;;;;;;;;x;;;,,,,,,
COLONY_ABORT_1;Colonization Aborted!;Abandon de la colonisation !;Kolonisierung Abgebrochen!;;;;;;;;x;;;,,,,,,
COLONY_ABORT_2;$MONARCHTITLE$, our colony in;$MONARCHTITLE$, notre colonie en;$MONARCHTITLE$, unsere Kolonie in;;;;;;;;x;;;,,,
COLONY_ABORT_3;§Y$TARGET$§b.;§Y$TARGET$§b.;§Y$TARGET$§b.;;;;;;;;x;;;,,,,,,
COLONY_ABORT_4;has been aborted!;a été abandonnée !;wurde vorzeitig abgebrochen!;;;;;;;;x;;;,,,,,,
COLONY_ABORT_5;We can no longer colonize this region.;Nous ne pouvons plus coloniser cette région.;Wir können diese Region nicht länger kolonisieren.;;;;;;;;x;;;,,,,,,
COLONY_ABORT_6;*;*;*;*;*;*;*;;;;;;;x,,,,,,
COLONY_ABORT_BTN1;OK;D'accord;OK;*;Aceptar;*;*;;;;;;;x,,,,,,
COLONY_ABORT_BTN2;OK;D'accord;OK;;Aceptar;;;;;;;;;x,,,,,,
COLONY_ABORT_BTN3;Go to;Voir;Gehe zu;;Ir allí;;;;;;;;;x,,,,,,
COLONY_ABORT_MAP;Colony Aborted!;Colonie abandonnée !;Kolonie abgebrochen!;;;;;;;;x;;;,,,,,,
COLONY_ABORT_SETUP;When colonization is aborted.;Quand la colonisation est abandonnée.;Wenn die Kolonisierung abgebrochen wird.;;;;;;;;x;;;,,,,,,
COLONY_ABORT_LOG;Colonization of $TARGET$ has been aborted.;la colonisation de $TARGET$ a été abandonnée.;Kolonisierung von $TARGET$ wurde abgebrochen.;;;;;;;;x;;;,,,,,,
DIPRELCH_VALID_CB;Valid Casus Belli;Casus Belli valide;Gültiger Kriegsgrund;;;;;;;;x;;;,,,,,,
BRIGADES_COMPARE_GREATER;Brigades comparison factor of two countries is at least §Y$VAL$§!;Le facteur de comparaison des brigades des deux pays est d'au moins §Y$VAL$§ !;Der Vergleichswert der Brigaden zweier Länder beträgt mindestens §Y$VAL$§!;;;;;;;;x;;;,,,,,,
BRIGADES_COMPARE_SMALLER;Brigades comparison factor of two countries is less than §Y$VAL$§!;Le facteur de comparaison des brigades des deux pays est inférieur à §Y$VAL$§ !;Der Vergleichswert der Brigaden zweier Länder beträgt weniger als §Y$VAL$§!;;;;;;;;x;;;,,,,,,
CONFIRM_CREATE_STATE_DESC2;(All local effects will be removed.);(Tous les effets locaux seront supprimés.);(Alle lokalen Effekte werden entfernt.);;;;;;;;x;;;,,,,,,
UNIT_ENABLE_REBEL_HUNT;Hunt Rebels;Chasse aux rebelles;Jagt Rebellen;Cazar rebeldes;;;;;;;;;;x,,,,,,
UNIT_DISABLE_REBEL_HUNT;(hunting rebels);(chasse des rebelles);(Rebellen jagen);(cazando rebeldes);;;;;;;;;;x,,,,,,
UNIT_REBEL_HUNT_WILL_HUNT;§GArmy is ready for rebel hunting.§!;§GL'armée est prête pour la chasse aux rebelles.§!;§GDie Armee ist bereit, Rebellen zu jagen.§!;;;;;;;;;;;x,,,,,
UNIT_REBEL_HUNT_IS_BUSY;§RArmy is currently busy, and will not hunt any rebels right now.§!;§RL'armée est occupée et ne pourra pas chasser les rebelles tout de suite.§!;§RDie Armee ist derzeit beschäftigt und wird momentan keine Rebellen jagen.§!;;;;;;;;;;;x,,,,,
UNIT_REBEL_HUNT_LOW_MORALE;§RArmy has too low morale, and will not hunt any rebels right now.§!;§RL'armée a un moral trop faible et ne peut pas chasser les rebelles maintenant.§!;§RDie Moral der Armee ist zu gering und sie wird momentan keine Rebellen jagen.§!;;;;;;;;;;;x,,,,,
UNIT_REBEL_HUNT_NO_VALID;§REnemy rebels has been detected, but our army will not attack them, because they are too strong for us, or couldn't find a safe path to get there.§!;§RDes rebelles ont été détectés mais notre armée ne les attaquera pas parce qu'ils sont trop fort pour nous ou qu'on ne peut pas trouver un passage sûr pour aller vers eux.§!;§RFeindliche Rebellen wurden aufgespürt, aber unsere Armee weigert sich, sie anzugreifen, da sie viel zu stark für uns sind oder unsere Truppen keinen sicheren Weg zu ihnen finden konnten.§!;;;;;;;;;;;x
NOT_RELEASE_AT_WAR;§R(It is not possible to release nations when at war.)§W;§R(Il n'est pas possible de libérer des nations en temps de guerre.)§W;§R(Es ist nicht möglich, während eines Krieges Nationen zu entlassen.)§W;;;;;;;;x;;;,,,,,
COLONY_SUCCESS_5;§Y$PRESTIGE$§! prestige gained.;§Y$PRESTIGE$§! de prestige gagné.;§Y$PRESTIGE$§! Prestige gewonnen.;;;;;;;;;;;x,,,,,,
COLONY_SUCCESS_6;(Base value §Y$BASE$§! x §Y$PROV$§! provinces.);(Valeur de base §Y$BASE$§! x §Y$PROV$§! provinces.);(Grundwert §Y$BASE$§! x §Y$PROV$§! Provinzen.);;;;;;;;;;;x,,,,,,
COUNTRY_PUPPETS_LIST;Puppets: ;Satellites : ;Marionetten:;;;;;;;;;;;x,,,,,,
POLL_ESTIMATED_ELECTION;In an election we estimate the following result.;En cas d'élection, nous nous attendons au résultat suivant.;In einer Wahl erwarten wir die folgenden Ergebnisse.;;;;;;;;x;;;,,,,,
MODIFIER_MOVEMENT_COST;Troop Movement Cost;Coût du mouvement de troupe;Kosten der Truppenbewegung;;;;;;;;x;;;,,,,,,
SPEED_IMPACT_ON_CB;Speed of generation is changed by §Y$VAL$§W.;La vitesse de génération change de §Y$VAL$§W.;Die Geschwindigkeit der Generationen hat sich um §Y$VAL$§W geändert.;;;;;;;;x;;;,,,,,,
TERR_COMB_WIDTH_DEC;Combat width is reduced by §Y$VAL$§W% in this terrain.;L'ampleur du combat est réduite de §Y$VAL$§W % sur ce terrain.;Die Angriffsweite für dieses Terrain ist um §Y$VAL$§W% reduziert.;;;;;;;;x;;;,,,,,,
MODIFIER_BOOST_STRONGEST_PARTY;Strength of Strongest Party;Force du plus fort parti;Stärke der stärksten Partei;;;;;;;;x;;;,,,,,,
PEACEDEMANDDESC;$COUNTRY$ is demanding a peace on the following terms:;$COUNTRY$ demande la paix selon les termes suivants :;$COUNTRY$ verlangt Frieden unter den folgenden Bedingungen:;;;;;;;;;;;x,,,,,,
CB_JUSTIFY_NO_LONGER_VALID_SETUP;When our war justification process is no longer valid.;Quand notre justification de guerre n'est plus valide.;Sobald unser Prozess der Kriegsrechtfertigung nicht länger gültig ist.;;;;;;;;;;;x,,,,,,
CB_JUSTIFY_NO_LONGER_VALID_HEADER;$MONARCHTITLE$;$MONARCHTITLE$;$MONARCHTITLE$;$MONARCHTITLE$;$MONARCHTITLE$;$MONARCHTITLE$;$MONARCHTITLE$;$MONARCHTITLE$;;;;;;x,,,,,,
CB_JUSTIFY_NO_LONGER_VALID_1;War Justification;Casus Belli;Kriegsrechtfertigung;;;;;;;;;;;x,,,,,,
CB_JUSTIFY_NO_LONGER_VALID_2;Our attempt to justify war using;Notre tentative de justifier la guerre par le;Unser Versuch, den Krieg zu rechtfertigen mittels;;;;;;;;;;;x,,,,,
CB_JUSTIFY_NO_LONGER_VALID_3;§Y$CASUS$§! Casus Belli;Casus Belli §Y$CASUS$§!;§Y$CASUS$§! Casus Belli;;;;;;;;;;;x,,,,,,
CB_JUSTIFY_NO_LONGER_VALID_4;against;contre;gegen;;;;;;;;;;;x,,,,,,
CB_JUSTIFY_NO_LONGER_VALID_5;$TARGET$;$TARGET$;$TARGET$;;$TARGET$;;;;;;;;;x,,,,,,
CB_JUSTIFY_NO_LONGER_VALID_6;is no longer valid!;n'est plus valide !;ist nicht länger gültig!;;;;;;;;;;;x,,,,,,
CB_JUSTIFY_NO_LONGER_VALID_LOG;Our war justification process against $TARGET$ is no longer valid.;La justification de notre guerre contre $TARGET$ n'est plus valide.;Unser Prozess der Kriegsrechtfertigung gegenüber $TARGET$ ist nicht länger gültig.;;;;;;;;;;;x,,,,,,
CB_JUSTIFY_NO_LONGER_VALID_BTN1;OK;D'accord;OK;OK;OK;OK;Rendben;OK;;;;;;x,,,,,,
CB_JUSTIFY_NO_LONGER_VALID_BTN2;OK;D'accord;OK;OK;OK;OK;Rendben;OK;;;;;;x,,,,,,
CB_JUSTIFY_NO_LONGER_VALID_BTN3;Goto;Voir;Gehe zu;IdŸ do;Ir allí;Andare;Ugrás;Pøejít na;;;;;;x,,,,,,
CB_JUSTIFY_NO_LONGER_VALID_MAP;*;*;*;*;*;*;*;;;;;;;x,,,,,,
NO_ALLOWED_COUNTRIES;(There is no applicable country).;(Pas de pays applicable).;(Es gibt kein geeignetes Land).;;;;;;;;;;;x,,,,,,
NO_ALLOWED_STATES;(There is no applicable states).;(Pas d'État applicable).;(Es gibt keine geeigneten Staaten).;;;;;;;;;;;x,,,,,,
HAS_LESS_STATE_THAN;Has number of States < ;Nombre d'États <;besitzt eine Staatsanzahl von <;;;;;;;;;;;x,,,,,,
HAS_STATES_GREATER_EQ;Has number of States >= ;Nombre d'États >= ;besitzt eine Staatsanzahl von >=;;;;;;;;;;;x,,,,,,
HAVE_MORE_SUBSTATES_THEN;Have more substates than ;Nombre de sous-états supérieur à ;Besitze mehr Unterstaaten als;;;;;;;;;;;x,,,,,,
HAVE_LESS_SUBSTATES_THEN;Have less substates than ;Nombre de sous-états inférieur à ;Besitze weniger Unterstaaten als;;;;;;;;;;;x,,,,,,
HAVE_MORE_VASSALS_THAN;Have more puppets than ;Nous avons plus de satellites que ;Besitze mehr Marionetten als;;;;;;;;;;;x,,,,,,
HAS_UNION_TAG;has culture union;a la culture syndicale;besitzt kulturelle Unionen;;;;;;;;;;;x,,,,,,
HAS_NO_UNION_TAG;has NO culture union;n'a pas de culture syndicale;besitzt KEINE kulturellen Unionen;;;;;;;;;;;x,,,,,,
HAS_CULTURE_UNION;Has culture union;A la culture syndicale;Besitzt kulturelle Unionen;;;;;;;;;;;x,,,,,,
HAS_NOT_CULTURE_UNION;Has NO culture union;N'a pas de culture syndicale;Besitzt KEINE kulturellen Unionen;;;;;;;;;;;x,,,,,,
IS_STATE_CAPITAL;is state capital;est la capitale de l'État;ist Landeshauptstadt;;;;;;;;;;;x,,,,,,
IS_NOT_STATE_CAPITAL;is NOT state capital;n'est pas la capitale de l'État;ist KEINE Landeshauptstadt;;;;;;;;;;;x,,,,,,
SUBSIDIZE_ALL_TOOLTIP;Subsidize all factories on the list.;Subventionner toutes les usines de la liste.;Alle Fabrikanlagen von dieser Liste werden bezuschusst.;;;;;;;;;;;x,,,,,,
UNSUBSIDIZE_ALL_TOOLTIP;Cancel subsidies for all factories on the list.;Annuler les subventions pour toutes les usines de la liste.;Bezuschussung aller Fabrikanlagen von dieser Liste abbrechen.;;;;;;;;;;;x,,,,,,
OPEN_ALL_TOOLTIP;Open all factories on the list.;Ouvrir toutes les usines de la liste.;Alle Fabrikanlagen von dieser Liste öffnen.;;;;;;;;;;;x,,,,,,
CLOSE_ALL_TOOLTIP;Close all factories on the list.;Fermer toutes les usines de la liste.;Alle Fabrikanlagen von dieser Liste schließen.;;;;;;;;;;;x,,,,,,
ON_ENACT_UNCIV_REFORM;When enacted:;Lorsqu'elle a été promulguée :;Sobald beschlossen:;;;;;;;;;;;x,,,,,,
EFFECT_BUILD_IN_CAPITAL_DESC;§Y$BLD$§! construction will take place in: §Y$PROVS$§!;§Y$BLD$§! constructions sont prévues en §Y$PROVS$§!;§Y$BLD$§! Bau wird in: §Y$PROVS$§! beginnen;;;;;;;;;;;x,,,,,,
TRIGGER_BUILD_IN_CAPITAL_DESC;§RConstruction is not allowed for now.§!;§RLa construction n'est pas autorisée pour le moment.§!;§RBau ist derzeit nicht gestattet.§!;;;;;;;;;;;x,,,,,,
DIPLOMACY_CB_INFO;War Justification;Casus Belli;Kriegsrechtfertigung;;;;;;;;;;;x,,,,,,
COLONIZE_MAX_SLOTS;No more then §Y$NUM$§! countries can compete for province colonization.;Pas plus de §Y$NUM$§! pays peuvent être en concurrencer pour la colonisation de la province.;Es können nicht mehr als §Y$NUM$§! Länder um die Kolonisierung einer Provinz kämpfen.;;;;;;;;;;;x,,,,,,
RIGHT_CLICK_TO_REMOVE_NF;§YRight mouse click§! to remove the current focus.;§YClic droit§! pour supprimer la cause nationale actuelle;§YRechte Maustaste klicken§!, um den gegenwärtigen Fokus zu entfernen. ;;;;;;;;;;;x,,,,,
CONFIRM_REMOVE_COLONY_NF_TITLE;Remove Colonization National Focus;Supprimer la cause nationale de colonisation;Den nationalen Fokus der Kolonisierung entfernen ;;;;;;;;;;;x,,,,,,
CONFIRM_REMOVE_COLONY_NF_DESC;Your colonization progress will be lost. Do you want to remove the national focus?;La progression de votre colonisation va être perdue. Voulez-vous supprimer la cause nationale ?;Euer Kolonisierungs-Prozess wird verloren gehen. Möchtet Ihr den nationalen Fokus entfernen?;;;;;;;;;;;x,,,,,,
NF_OVERWRITE_HEADER;To set the new national focus §Y$NF$§! you must remove another one.;Pour adopter la nouvelle cause nationale §Y$NF$§! vous devez en supprimer une autre.;Um den neuen nationalen Fokus auf §Y$NF$§! setzen zu können, müsst Ihr einen anderen entfernen. ;;;;;;;;;;;x,,,,,
NF_OVERWRITE_ENTRY;§Y$NF$§!\nin §G$STATE$§!;§Y$NF$§!\nen §G$STATE$§!;§Y$NF$§!\nin §G$STATE$§!;;;;;;;;;;;x,,,,,,
PRESTIGE_MORALE_BONUS;Morale bonus: §Y$VAL$§!;Bonus du moral : §Y$VAL$§!;Moral-Bonus: §Y$VAL$§!;;;;;;;;;;;x,,,,,,
PRESTIGE_MAX_ORG_BONUS;Organization bonus: §Y$VAL$§!;Bonus pour l''organisation : §Y$VAL$§!;Organizationsbonus: §Y$VAL$§!;;;;;;;;;;;x,,,,,,
PRESTIGE_PENALTY_ON_LEADER_TRANSFER_TITLE;Prestige penalty.;Pénalité de prestige.;Prestige-Strafe.;;;;;;;;;;;x,,,,,,
PRESTIGE_PENALTY_ON_LEADER_TRANSFER_DESC;Our country will suffer §R$VAL$§! prestige loss, if we unassign the current leader §Y$NAME$§! from that unit, while at war.\nDo you still want to do that?;Notre pays perdra §R$VAL$§! de prestige si nous retirons le commandant actuel §Y$NAME$§! de cette unité en temps la guerre.\nVoulez-vous vraiment le faire ?;Unser Land wird einen Prestige-Verlust von §R$VAL$§! erleiden, wenn wir den derzeitigen Führer §Y$NAME$§! dieser Einheit während des Krieges entfernen.\nMöchtet Ihr dennoch fortfahren?;;;;;;;;;;;x,,,
REORG_PANEL_BALANCE_UNITS;Balance;Équilibre;Guthaben;;;;;;;;;;;x,,,,,,
INVEST_PROJECT_NOT_ENOUGH_MONEY;§RWe have not enough funds to do that.§!;§RNous n'avons pas assez de fonds pour ça.§!;§RWir haben keine ausreichenden Mittel, um dies zu tun.§!;;;;;;;;;;;x,,,,,
INVEST_PROJECT_SHORTCUT_MAX;§RCtrl + Left mouse click§! to invest max amount into this project. (§Y$AMOUNT$§!¤);§RCtrl + Clic gauche§! pour investir le montant maximum dans ce projet (§Y$AMOUNT$§! ¤);§RCtrl + Linke Maustaste klicken§!, um die maximale Summe in dieses Projekt zu investieren. (§Y$AMOUNT$§!¤);;;;;;;;;;;x,,,,,
INVEST_PROJECT_SHORTCUT_MAX_ALL;§RShift + Left mouse click§! to invest max amount in all projects. (§Y$AMOUNT$§!¤);§RMaj + Clic gauche§! pour investir le montant maximum dans tous les projets (§Y$AMOUNT$§! ¤);§RShift + Linke Maustaste klicken§!, um die maximale Summe in alle Projekte zu investieren. (§Y$AMOUNT$§!¤);;;;;;;;;;;x,,,,,
INVEST_PROJECT_CONFIRM;Invest;Investissement;Investieren;;;;;;;;;;;x,,,,,,
INVEST_PROJECT_MAX;Max;Maximum;Max.;;;;;;;;;;;x,,,,,,
"INVEST_PROJECT_TITLE;""Invest into project: """"§Y$PROJ$§!"""" at §Y$LOC$§!"";""Investir dans le projet : """"""""§Y$PROJ$§!"""""""" à §Y$LOC$§!"";""In dieses Projekt investieren: """"§Y$PROJ$§!"""" bei §Y$LOC$§!"";;;;;;;;;;;x",,,,,,
INVEST_PROJECT_TOOLTIP_YOUR_BUDGET;Your current budget.;Votre budget actuel.;Euer derzeitiges Budget.;;;;;;;;;;;x,,,,,,
INVEST_PROJECT_TOOLTIP_PROJECT_BUDGET;Project budget is §Y$BUD$§! out of §Y$TOT$§! needed.\nYou decide to invest §Y$INV$§! into this project.;Le budget du projet est §Y$BUD$§! sur les §Y$TOT$§! nécessaires.\nVous décidez d'investir  §Y$INV$§! dans ce projet.;Projektbudget beträgt §Y$BUD$§! von §Y$TOT$§! benötigt.\nIhr entscheidet euch dazu, §Y$INV$§! in dieses Projekt zu investieren.;;;;;;;;;;;x,,,,,
INVEST_PROJECT_TOOLTIP_APPLY;Apply your investment.;Appliquer votre investissement.;Eure Investierung abschließen.;;;;;;;;;;;x,,,,,,
MIL_MULTI_CONSTRUCTION_TOOLTIP;§YLeft click + SHIFT§! to build all.;§YClic gauche + Maj§! pour tout construire.;§YLinksklick + SHIFT§!, um alles zu bauen.;;;;;;;;;;;x,,,,,
MIL_CONSTRUCTION_CANCEL_ALL_SHORT;Cancel All;Tout annuler;Alles abbrechen;;;;;;;;;;;x,,,,,,
MIL_CONSTRUCTION_CANCEL_ALL;Cancel all constructions;Annuler toutes les constructions;Alle Errichtungen abbrechen;;;;;;;;;;;x,,,,,,
MIL_CONSTRUCTION_CANCEL_ALL_WARNING_TITLE;Cancel all constructions.;Annuler toutes les constructions.;Alle Errichtungen abbrechen.;;;;;;;;;;;x,,,,,,
MIL_CONSTRUCTION_CANCEL_ALL_WARNING_DESC;Are you sure, that you want to cancel all military constructions?;Êtes-vous certain de vouloir annuler toutes nos constructions militaires ?;Seid Ihr Euch sicher, dass Ihr alle militärischen Errichtungen abbrechen möchtet?;;;;;;;;;;;x,,,,
SORT_BY_PRESTIGE;Sort by prestige;Tri par prestige;Nach Prestige sortieren;;;;;;;;;;;x,,,,,,
SORT_BY_NAME;Sort by name;Tri par nom;Nach Namen sortieren;;;;;;;;;;;x,,,,,,
SORT_BY_SELECTED;Sort by selected;Tri par sélections;Nach Auswahl sortieren;;;;;;;;;;;x,,,,,,
ATTACKUSREBEL_SETUP;When one of our land units is attacked by the Rebels;Quand une de nos unités terrestres subit une attaque des rebelles;Sobald eine unserer Ländereinheiten von den Rebellen angegriffen wird;;;;;;;;;;x;,,,,,,
ATTACKUSREBEL_HEADER;Our Chief of Staff reports that;Notre chef d'état-major rapporte que;Unser Stabschef berichtet:;;Nuestro jefe de estado mayor informa de que;;;;;;;;;x,,,,,,
ATTACKUSREBEL_1;Our forces are under attack!;Nos forces sont attaquées !;Unsere Truppen werden angegriffen!;;¡Están atacando a nuestras fuerzas!;;;;;;;;;x,,,,,,
ATTACKUSREBEL_2;$MONARCHTITLE$, we have been attacked in;$MONARCHTITLE$, nous avons été attaqués dans la province de;$MONARCHTITLE$, wir werden in;;$MONARCHTITLE$, hemos sido atacados en;;;;;;;;;x,,
ATTACKUSREBEL_3;$PROV$.;$PROV$.;$PROV$ angegriffen.;;$PROV$.;;;;;;;;;x,,,,,,
ATTACKUSREBEL_4;Hostile forces from $ATTACKER$ have engaged us with;Les forces ennemies de $ATTACKER$ ont engagé le combat contre nous.;Feindliche Truppen von $ATTACKER$ greifen uns an.;;Fuerzas hostiles de $ATTACKER$ han entablado combate con nosotros con;;;;;;;;;x,,,,,,
ATTACKUSREBEL_5;*;*;*;;*;;;;;;;;;x,,,,,,
ATTACKUSREBEL_6;*;*;*;;*;;;;;;;;;x,,,,,,
ATTACKUSREBEL_LOG;We have been attacked in $PROV$.;Nous avons été attaqués dans la province de $PROV$.;Wir wurden in $PROV$ angegriffen.;;Hemos sido atacados en $PROV$.;;;;;;;;;x,,,,,,
ATTACKUSREBEL_BTN1;OK;D'accord;OK;;Aceptar;;;;;;;;;x,,,,,,
ATTACKUSREBEL_BTN2;OK;D'accord;OK;;Aceptar;;;;;;;;;x,,,,,,
ATTACKUSREBEL_BTN3;Goto;Voir;Gehe zu;;Ir allí;;;;;;;;;x,,,,,,
ATTACKUSREBEL_MAP;Under attack!;Nous sommes attaqués !;Wird angegriffen;;¡Nos atacan!;;;;;;;;;x,,,,,,
ATTACKTHEMREBEL_SETUP;When one of our land units attacks the rebellion.;Quand une de nos unités terrestres attaque la rébellion;Sobald eine unserer Ländereinheiten die Rebellen angreift.;;;;;;;;;;;x,,,,,,
ATTACKTHEMREBEL_HEADER;Our Chief of Staff reports that;Notre chef d'état-major rapporte que;Unser Stabschef berichtet:;;Nuestro jefe de estado mayor informa de que;;;;;;;;;x,,,,,,
ATTACKTHEMREBEL_1;We have engaged the Enemy!;nous avons attaqué l'ennemi !;Aufeinandertreffen mit dem Feind!;;¡Hemos entablado combate con el enemigo!;;;;;;;;;x,,,,,,
ATTACKTHEMREBEL_2;$MONARCHTITLE$, we have reports that battle has commenced in;$MONARCHTITLE$, nous vous informons que la bataille a commencé dans la province de;Uns wird gemeldet, dass eine Schlacht in;;$MONARCHTITLE$, nos informan que ha comenzado la batalla en;;;;;;;;;x,,
ATTACKTHEMREBEL_3;$PROV$.;$PROV$.;$PROV$ begonnen hat.;;$PROV$.;;;;;;;;;x,,,,,,
ATTACKTHEMREBEL_4;We are attacking forces of $DEFENDER$ and attempting to dislodge their defences. We have engaged with ;Nous sommes les forces d'attaque de $DEFENDER$ et nous tentons de déloger leurs défenses. Nous avons engagé le combat avec ;Wir greifen Truppen aus $DEFENDER$ an und versuchen, sie aus ihren Stellungen zu werfen. Wir befinden uns im Kampf mit;;Atacamos a la fuerza $DEFENDER$, en un intento de desbaratar sus defensas. Hemos entablado ;;;;;;;;;x,,,,
ATTACKTHEMREBEL_5;*;$ATTUNIT$\n;*;;combate con: $ATTUNIT$\n;;;;;;;;;x,,,,,,
ATTACKTHEMREBEL_6;*;*;*;;atacando a: $DEFUNIT$;;;;;;;;;x,,,,,,
ATTACKTHEMREBEL_LOG;We have attacked the enemy in $PROV$.;Nous avons attaqué l'ennemi dans la province de $PROV$.;Wir haben den Feind in $PROV$ angegriffen.;;Hemos atacado al enemigo en $PROV$.;;;;;;;;;x,,,,,,
ATTACKTHEMREBEL_BTN1;OK;D'accord;OK;;Aceptar;;;;;;;;;x,,,,,,
ATTACKTHEMREBEL_BTN2;OK;D'accord;OK;;Aceptar;;;;;;;;;x,,,,,,
ATTACKTHEMREBEL_BTN3;Goto;Voir;Gehe zu;;Ir allí;;;;;;;;;x,,,,,,
ATTACKTHEMREBEL_MAP;Attack Commenced;*;*;;*;;;;;;;;;x,,,,,,
SIEGEUSREBEL_SETUP;When the rebellion begins to occupy our province;Quand les rebelles occupent notre province;Sobald die Rebellen damit beginnen, unsere Provinzen einzunehmen.;;;;;;;;;;;x,,,,,
SIEGEUSREBEL_HEADER;$MESSENGER$;$MESSENGER$;$MESSENGER$;;$MESSENGER$;;;;;;;;;x,,,,,,
SIEGEUSREBEL_1;Our Province is beginning to be occupied;L'occupation de notre province commence;Unsere Provinz befindet sich unter Belagerung;;Están empezando a ocupar nuestra provincia;;;;;;;;;x,,,,,,
SIEGEUSREBEL_2;$MONARCHTITLE$,;$MONARCHTITLE$,;$MONARCHTITLE$;;$MONARCHTITLE$,;;;;;;;;;x,,,
SIEGEUSREBEL_3;$PROV$;$PROV$;$PROV$;;han empezado a ocupar;;;;;;;;;x,,,,,,
SIEGEUSREBEL_4;is beginning to be occupied. Fear not! The forces of;est occupée. Ne craignez rien ! Les forces de;wird gerade vom Feind belagert. Doch fürchtet nichts!\nDie Truppen von;;$PROV$. ¡No hay nada que temer! Las fuerzas de;;;;;;;;;x,,,,,,
SIEGEUSREBEL_5;$ATTACKER$;$ATTACKER$;$ATTACKER$;;$ATTACKER$;;;;;;;;;x,,,,,,
SIEGEUSREBEL_6;will soon be driven off by the might of our armies.;seront bientôt repoussées par nos puissantes armées.;werden schon bald von der Macht unserer Armeen vertrieben werden.;;pronto serán expulsadas por el poder de nuestros ejércitos.;;;;;;;;;x,,,,,,
SIEGEUSREBEL_LOG;$PROV$ is beginning to be occupied.;$PROV$ est occupée.;$PROV$ wird gerade vom Feind belagert.;;Han empezado a ocupar $PROV$.;;;;;;;;;x,,,,,,
SIEGEUSREBEL_BTN1;OK;D'accord;OK;;OK;;;;;;;;;x,,,,,,
SIEGEUSREBEL_BTN2;OK;D'accord;OK;;OK;;;;;;;;;x,,,,,,
SIEGEUSREBEL_BTN3;Goto;Voir;Gehe zu;;Ir allí;;;;;;;;;x,,,,,,
SIEGEUSREBEL_MAP;*;*;*;;*;;;;;;;;;x,,,,,,
SIEGETHEMREBEL_SETUP;When we begin to occupy the province controlled by rebellion.;Quand nous occupons une province ennemie;Sobald wir beginnen, eine von den Rebellen kontrollierte Provinz zu besetzen.;;Cuando empezamos a ocupar una de las provincias de nuestro enemigo;;;;;;;;;x,,,,,
SIEGETHEMREBEL_HEADER;$MESSENGER$;$MESSENGER$;$MESSENGER$;;$MESSENGER$;;;;;;;;;x,,,,,,
SIEGETHEMREBEL_1;Their province is beginning to be occupied;Leur province est occupée;Ihre Provinz wird belagert werden;;Se ha empezado a ocupar su provincia;;;;;;;;;x,,,,,,
SIEGETHEMREBEL_2;$MONARCHTITLE$, we have started to occupy;$MONARCHTITLE$, nous occupons;$MONARCHTITLE$, wir haben die Belagerung von folgender Provinz begonnen: ;;$MONARCHTITLE$, hemos iniciado la ocupación de;;;;;;;;;x,,
SIEGETHEMREBEL_3;$PROV$.;$PROV$.;$PROV$.;$PROV$.;$PROV$.;$PROV$.;$PROV$ könnyûszerrel bevehetõ erõdjét.;$PROV$.;;;;;;x,,,,,,
SIEGETHEMREBEL_4;It won't take long before our forces have wrenched it out of the clutches of;Nos forces auront bientôt débarrassé cette province de;Es wird nicht lange dauern, bis unsere Truppen sie;;Nuestras fuerzas no tardarán en arrancarla de las garras de;;;;;;;;;x,,,,,
SIEGETHEMREBEL_5;$DEFENDER$.;$DEFENDER$.;$DEFENDER$ entrissen haben.;;$DEFENDER$.;;;;;;;;;x,,,,,,
SIEGETHEMREBEL_6;They will look forward to our enlightened government.;Sa population attend impatiemment d'être guidée par notre gouvernement.;Sie werden sich auf unsere aufgeklärte Regierung freuen.;;Esperan con anhelo nuestro gobierno.;;;;;;;;;x,,,,,,
SIEGETHEMREBEL_LOG;We have begun to occupy $PROV$.;Nous occupons $PROV$.;Wir haben mit der Belagerung von $PROV$ begonnen.;;Hemos empezado a ocupar $PROV$.;;;;;;;;;x,,,,,,
SIEGETHEMREBEL_BTN1;OK;D'accord;OK;;OK;;;;;;;;;x,,,,,,
SIEGETHEMREBEL_BTN2;OK;D'accord;OK;;OK;;;;;;;;;x,,,,,,
SIEGETHEMREBEL_BTN3;Goto;Voir;Gehe zu;;Ir allí;;;;;;;;;x,,,,,,
SIEGETHEMREBEL_MAP;*;*;*;;*;;;;;;;;;x,,,,,,
REMOVE_RANDOM_ECO_REFORMS_EFFECT;Remove §R$VAL$§! economic reforms.\n;Suppression de §R$VAL$§! réformes économiques.\n;§R$VAL$§! ökonomische Reformen entfernen.\n;;;;;;;;;;;x,,,,,,
REMOVE_RANDOM_MIL_REFORMS_EFFECT;Remove §R$VAL$§! military reforms.\n;Suppression de §R$VAL$§! réformes militaires.\n;§R$VAL$§! militärische Reformen entfernen.\n;;;;;;;;;;;x,,,,,,
PRODUCTION_FACTORY_PURE_INCOME;Last day's pure income: $VALUE$;Revenu net du jour dernier : $VALUE$;Reines Einkommen des letzten Tages: $VALUE$;;;;;;;;;;;x,,,,,,
PRODUCTION_FACTORY_MARKET_SPENDINGS;Market spendings: $VALUE$;Dépenses sur les marchés : $VALUE$;Ausgaben auf dem Markt: $VALUE$;;;;;;;;;;;x,,,,,,
PRODUCTION_FACTORY_POP_PAYCHECKS;Workers and capitalists paychecks: $VALUE$;Rémunérations des travailleurs et du capital : $VALUE$;Gehaltsscheck von Arbeitern und Kapitalisten: $VALUE$;;;;;;;;;;;x,,,,,,
PRODUCTION_FACTORY_TOTAL_BALANCE;Last day's balance: $VALUE$;Solde du jour dernier : $VALUE$;Kontostand des Vortags: $VALUE$;;;;;;;;;;;x,,,,,,
PRODUCTION_FACTORY_TODAY_PROFIT;Last day's profitability: $VALUE$;Profit du jour dernier: $VALUE$;Rentabilität des Vortags: $VALUE$;;;;;;;;;;;x,,,,,,
PRODUCTION_FACTORY_PROFITABILITY;Avg. profitability (last $DAYS$ days): $VALUE$;Profit moyen (derniers $DAYS$ jours) : $VALUE$;Durschnittl. Rentabilität (der letzten $DAYS$ Tage): $VALUE$;;;;;;;;;;;x,,,,,,
PRODUCTION_FACTORY_CURRENT_BUDGET;Current factory budget: $VALUE$;Budget actuel des usines : $VALUE$;Derzeitiges Fabrikanlagen-Budget: $VALUE$;;;;;;;;;;;x,,,,,,
PRODUCTION_FACTORY_INVESTMENT;From investments: $VALUE$;Des investissements : $VALUE$;Aus Investitionen: $VALUE$;;;;;;;;;;;x,,,,,,
PRODUCTION_FACTORY_SUBSIDIES;From investments: $VALUE$;Des investissements : $VALUE$;Aus Investitionen: $VALUE$;;;;;;;;;;;x,,,,,,
INFLUENCE_OVERFLOW_TOOLTIP;We are spending §Y$VALUE$§! of influence points each day, to reduce the influence of other countries.;Nous utilisons chaque jour §Y$VALUE$§! points d'influence pour réduire l'influence des pays étrangers.;Wir verbrauchen jeden Tag §Y$VALUE$§! Einfluss-Punkte, um den Einfluss anderer Länder zu reduzieren. ;;;;;;;;;;;x,,,,
TRADE_FLOW_PRODUCED;§YProduced by:§W;§YProduit par :§W;§YProduziert von:§W;;;;;;;;;;;x,,,,,,
TRADE_FLOW_USED;§YUsed by:§W;§YUtilisé par :§W;§YBenutzt von:§W;;;;;;;;;;;x,,,,,,
TRADE_FLOW_MAY_BE_USED;§YMay be used for:§W;§YPeut être utilisé par :§W;§YKann genutzt werden für:§W;;;;;;;;;;;x,,,,,,
TRADE_FLOW_TOTAL_PRODUCED;§YTotal Produced:§W;§YProduction totale :§W;§YInsgesamt produziert:§W;;;;;;;;;;;x,,,,,,
TRADE_FLOW_TOTAL_USED;§YTotal Used:§W;§YUtilisation totale :§W;§YGesamter Verbrauch:§W;;;;;;;;;;;x,,,,,,
TRADE_FLOW_RGO_NAME;RGOs;EAM;RGOs;;;;;;;;;;;x,,,,,,
TRADE_FLOW_DESC_RGO;Our $POP$ are $ACTION$ $AMOUNT$ $RESOURCE$ each day.;Nos $POP$ $ACTION$ $AMOUNT$ $RESOURCE$ par jour.;Unsere $POP$ betragen $ACTION$ $AMOUNT$ $RESOURCE$ pro Tag.;;;;;;;;;;;x,,,,,,
TRADE_FLOW_DESC_RGO_ACTION_MINING;mining;extraient;Bergbau;;;;;;;;;;;x,,,,,,
TRADE_FLOW_DESC_RGO_ACTION_FARMING;farming;produisent;Landwirtschaft;;;;;;;;;;;x,,,,,,
TRADE_FLOW_DESC_ARTISAN;Our Artisans are producing $AMOUNT$ $RESOURCE$ each day.;Nos artisans produisent $AMOUNT$ de $RESOURCE$ chaque jour.;Unsere Handwerker produzieren $AMOUNT$ $RESOURCE$ pro Tag.;;;;;;;;;;;x,,,,,,
TRADE_FLOW_DESC_FACTORY;Our $FACTORY$ in $STATE$ is producing $AMOUNT$ $RESOURCE$ each day.;Notre $FACTORY$ en $STATE$ produit $AMOUNT$ de $RESOURCE$ par jour.;Unsere $FACTORY$ in $STATE$ produziert $AMOUNT$ $RESOURCE$ pro Tag.;;;;;;;;;;;x,,,,,,
TRADE_FLOW_CONSUME_DESC_ARTISAN;Artisans are using $AMOUNT$ $RESOURCE$, to produce $OUTPUT$.;Les artisans utilisent $AMOUNT$ de $RESOURCE$ pour une producion de $OUTPUT$.;Handwerker verwenden $AMOUNT$ $RESOURCE$, um $OUTPUT$ zu produzieren.;;;;;;;;;;;x,,,,
TRADE_FLOW_CONSUME_DESC_RGO;$POP$ are using $AMOUNT$ $RESOURCE$ to produce $OUTPUT$.;Les $POP$ utilisent $AMOUNT$ de $RESOURCE$ pour une producion de $OUTPUT$.;$POP$ verwenden $AMOUNT$ $RESOURCE$, um $OUTPUT$ zu produzieren.;;;;;;;;;;;x,,,,,
TRADE_FLOW_CONSUME_DESC_FACTORY;Our $FACTORY$ in $STATE$ is using $AMOUNT$ $RESOURCE$ for an input and/or maintenance requirements.;Notre $FACTORY$ en $STATE$ utilise $AMOUNT$ de $RESOURCE$ comme matière première et/ou pour son entretien.;Unsere $FACTORY$ in $STATE$ verwendet $AMOUNT$ $RESOURCE$ als Eingangs- und/ oder Instandhaltungsvoraussetzungen.;;;;;;;;;;;x,,,,,,
TRADE_FLOW_CONSUME_DESC_POPS;Our $POP$ are using $AMOUNT$ $RESOURCE$ as part of their daily needs.;Nos $POP$ utilisent $AMOUNT$ de $RESOURCE$ au titre de leurs besoins quotidiens.;Unsere $POP$ verwenden $AMOUNT$ $RESOURCE$ als Teil ihres täglichen Bedarfs.;;;;;;;;;;;x,,,,,,
TRADE_FLOW_CONSUME_DESC_MILITARY;Our armies are using $AMOUNT$ $RESOURCE$ as a daily supply consumption.;Nos armées utilisent $AMOUNT$ de $RESOURCE$ pour leur ravitaillement quotidien.;Unsere Armee benötigt $AMOUNT$ $RESOURCE$ für ihren täglichen Vorratsverbrauch.;;;;;;;;;;;x,,,,,,
TRADE_FLOW_MAY_USE_MILITARY_DESC;$INPUT$ may be used by our armies as a daily supply consumption.;$INPUT$ peuvent être utilisés quotidiennement par nos armées pour leur ravitaillement.;$INPUT$ kann von unseren Armeen für ihren täglichen Vorratsverbrauch verwendet werden.;;;;;;;;;;;x,,,,,,
TRADE_FLOW_MAY_USE_DESC;$INPUT$ may be used by $PRODUCER$ to produce $OUTPUT$.;$INPUT$ peuvent être utilisés par les $PRODUCER$ pour une production de $OUTPUT$.;$INPUT$ kann durch $PRODUCER$ verwendet werden, um $OUTPUT$ zu produzieren.;;;;;;;;;;;x,,,,,
TRADE_FLOW_MILITARY_SUPPLY;Military Consumption;Consommation militaire;Militärischer Verbrauch;;;;;;;;;;;x,,,,,,
TRADE_FLOW_CURRENT_PRICE;Current Price:;Prix courant :;Derzeitiger Preis:;;;;;;;;;;;x,,,,,,
TRADE_FLOW_DETAILS;Details;Détail;Details;;;;;;;;;;;x,,,,,,
TRADE_FLOW_PART_OF_WORLD_PROD;§Y$PERC$%§W of world production.;§Y$PERC$ %§W de la production mondiale.;§Y$PERC$%§W der Weltproduktion.;;;;;;;;;;;x,,,,,,
EMIGRATION_AT_PROVINCE_TOOLTIP;(§R$TOTALEMI$§!) §YEmigrations to:§!\n$EMILIST$\n(§G$TOTALIMM$§!) §YImmigrations from:§!\n$IMMLIST$;(§R$TOTALEMI$§!) §YÉmigration vers §!\n$EMILIST$\n(§G$TOTALIMM$§!) §YImmigration de §!\n$IMMLIST$;(§R$TOTALEMI$§!) §YAuswanderer nach:§!\n$EMILIST$\n(§G$TOTALIMM$§!) §YEinwanderer von:§!\n$IMMLIST$;;;;;;;;;;;x,,,,,,
NO_MIGRATIONS_FOUND1_TOOLTIP;Province belongs to: §Y$COUNTRY$§!;La Province appartient à : §Y$COUNTRY$§!;Provinz gehört zu: §Y$COUNTRY$§!;;;;;;;;;;;x,,,,,,
NO_MIGRATIONS_FOUND2_TOOLTIP;No migration between countries has been noticed.;Aucune migration relevée entre pays;Es konnte keine Abwanderung zwischen Ländern festgestellt werden.;;;;;;;;;;;x,,,,,,
NO_MIGRATIONS_FOUND3_TOOLTIP;(Select province to see details);(Sélectionner une province pour voir les détails);(Für weitere Details, wähle eine Provinz);;;;;;;;;;;x,,,,,
PROVINCE_VIEW_BUILD_ALL_TOOLTIP;(Click + CTRL to build in all provinces in state);(Clic + Ctrl pour construire dans toutes les provinces de l'État);(Klick + CTRL, um in allen Provinzen des Staates zu bauen);;;;;;;;;;;x,,,,,
EMIGRATION_ENTRY_TOOLTIP;§R$NUM$§! to §Y$PROV$§!;§R$NUM$§! vers §Y$PROV$§!;§R$NUM$§! nach §Y$PROV$§!;;;;;;;;;;;x,,,,,,
IMMIGRATION_ENTRY_TOOLTIP;§G$NUM$§! from §Y$PROV$§!;§G$NUM$§! de §Y$PROV$§!;§G$NUM$§! von §Y$PROV$§!;;;;;;;;;;;x,,,,,,
CB_GENERATION_SPEED_BONUS_ON_COLONY_COMPETITION;Competing with §Y$COUNTRY$§! for colonizing §Y$REGION$§!, speed bonus §Y$BONUS$§!.;Compétition avec §Y$COUNTRY$§! pour coloniser §Y$REGION$§!, bonus de vitesse de §Y$BONUS$§!.;Tretet gegen §Y$COUNTRY$§! an, um §Y$REGION$§! Zu kolonisieren, Geschwindigkeitsbonus §Y$BONUS$§!.;;;;;;;;;;;x,,
CB_GENERATION_BONUS_TOOLTIP;The CB generation speed bonus §Y$BONUS$§! between competing countries: §Y$COUNTRIES$§!;Bonus de vitesse de génération des CB de §Y$BONUS$§! entre les pays concurrents : §Y$COUNTRIES$§!;Der CB Generationen-Geschwindigkeitsbonus §Y$BONUS$§! bei einem Kampf zwischen: §Y$COUNTRIES$§!;;;;;;;;;;;x,,,,,,
CB_GENERATION_BONUS_TROOPS_PRESENCE_TOOLTIP;(§Y$BONUS$§! for presence of opponents troops);(§Y$BONUS$§! du fait de la présence de troupes ennemies);(§Y$BONUS$§! für die Anwesenheit gegnerischer Truppen);;;;;;;;;;;x,,,,,,
CB_GENERATION_BONUS_OPPONENT_TROOPS_PRESENCE;(§Y$BONUS$§! for §Y$FOR$§! against §Y$AGAINST$§! for presence of their troops);(§Y$BONUS$§! pour §Y$FOR$§! contre §Y$AGAINST$§! du fait de la présence de leurs troupes);(§Y$BONUS$§! für §Y$FOR$§! gegen §Y$AGAINST$§! für die Gegenwart ihrer Truppen);;;;;;;;;;;x,,,,,,
MODIFIER_CB_GENERATION_SPEED_MODIFIER;Casus Belli acquisition speed;Vitesse d'obtention des Casus Belli;Casus Belli Beschaffungsgeschwindigkeit;;;;;;;;;;;x,,,,,,
NOT_CONSTRUCTING_CASUS_BELLI_AGAINST;Not acquiring war justification against ;Pas d'obtention de Casus Belli contre ;Keine Kriegsrechtfertigung beschafft gegen:;;;;;;;;;;;x,,,,,,
MODIFIER_MOBILIZATION_IMPACT;Mobilization impact;Impact de la mobilisation;Mobilisationsauswirkung;;;;;;;;;;;x,,,,,,
MOBILIZATION_IMPACT_LIMIT_DESC;Mobilization impact §Y$IMPACT$§! from §Y$POLICY$§! war policy, limits the amount of mobilized units to §Y$UNITS$§!.;L'impact sur la mobilisation de §Y$IMPACT$§! de la politique de guerre §Y$POLICY$§! limite le nombre d'unités mobilisées à §Y$UNITS$§!.;Mobilisationsauswirkung §Y$IMPACT$§! der §Y$POLICY$§! Kriegsregelung, schränkt die Menge der mobilisierten Einheiten auf §Y$UNITS$§! ein.;;;;;;;;;;;x,,,,
MOBILIZATION_IMPACT_LIMIT_DESC2;(Current amount of raised regiments: §Y$CURR$§!, multiplied by §Y$IMPACT$§!);(Nombre actuel de régiments levés §Y$CURR$§! par §Y$IMPACT$§!);(Gegenwärtige Anzahl aufgestellter Regimente §Y$CURR$§! by §Y$IMPACT$§!);;;;;;;;;;;x,,,,,
CONSTRUCTING_CASUS_BELLI_AGAINST;Acquiring war justification against ;Obtention d'un casus belli contre ;Beschaffung einer Kriegsrechtfertigung gegen:;;;;;;;;;;;x,,,,,,
TRIGGER_CB_CREATION_NOT_DISCOVERED;Not producing war justifications;Pas de production de CB;Kriegsrechtfertigungen werden nicht produziert;;;;;;;;;;;x,,,,,,
TRIGGER_CB_CREATION_DISCOVERED;Are trying to produce a war justification;Tentative de produire un CB;Versuchen, eine Kriegsrechtfertigung zu entwickeln;;;;;;;;;;;x,,,,,
TRIGGER_CB_PROGRESS_LESS;War justification progress: §Y$PERCENTAGE$§W;Progression de CB : §Y$PERCENTAGE$§W;Fortschritt der Kriegsrechtfertigung: §Y$PERCENTAGE$§W;;;;;;;;;;;x,,,,,,
TRIGGER_CB_PROGRESS_ATLEAST;War justification progress below: §Y$PERCENTAGE$§W;Progression de CB en dessous de §Y$PERCENTAGE$§W;Fortschritt der Kriegsrechtfertigung unter: §Y$PERCENTAGE$§W;;;;;;;;;;;x,,,,,,
TRIGGER_IS_CONSTRUCTING_CB;Acquiring war justification for: §Y$TYPE$§W;Obtention de CB pour §Y$TYPE$§W;Beschaffung einer Kriegsrechtfertigung für: §Y$TYPE$§W;;;;;;;;;;;x,,,,,,
TRIGGER_IS_NOT_CONSTRUCTING_CB;Not acquiring war justification for: §Y$TYPE$§W;Pas d'obtention de CB pour §Y$TYPE$§W;Keine Beschaffung einer Kriegsrechtfertigung für: §Y$TYPE$§W;;;;;;;;;;;x,,,,,,
NEED_RELATION_LESS;Relations are too high, we need to be below §Y$LIMIT$§W but are currently at §Y$VAL$§W;Les relations sont trop bonnes, nous avons besoin d'être en-dessous de §Y$LIMIT$§W mais sommes à §Y$VAL$§W;Die Beziehungen sind zu gut,  wir müssen unter §Y$LIMIT$§W kommen, sind jedoch bei §Y$VAL$§W;;;;;;;;;;;x,,
ALREADY_MAKING_CB;We are already preparing a justification for war with §Y$TARGET$§W;Nous sommes déjà en train de préparer un CB contre §Y$TARGET$§W;Wir bereiten gerade eine Rechtfertigung für einen Krieg mit §Y$TARGET$§W vor;;;;;;;;;;;x,,,,,,
MAKE_CB_BUTTON;Justify war;Justifier la guerre;Krieg rechtfertigen;;;;;;;;;;;x,,,,,,
MAKE_CB_DESC;Produce a justification for war with them;Produire un CB pour une guerre contre eux;Entwickelt eine Rechtfertigung für einen Krieg mit ihnen;;;;;;;;;;;x,,,,,,
MAKE_CBTITLE;Justify War;Justifier la guerre;Rechtfertigt den Krieg;;;;;;;;;;;x,,,,,,
MAPMODE_11;RGO output;Production Agricole et Minière;RGO Ausgang;;;;;;;;;;;x,,,,,,
MAPMODE_12;Population density;Densité de population;Bevölkerungsdichte;;;;;;;;;;;x,,,,,,
MAPMODE_13;Nationality;Nationalité;Nationalität;;;;;;;;;;;x,,,,,,
MAPMODE_14;Sphere of influence;Sphère d'influence;Einflussbereich;;;;;;;;;;;x,,,,,,
MAPMODE_15;Supply limit;Limite de ravitaillement;Vorratslimit;;;;;;;;;;;x,,,,,,
MAPMODE_16;Party loyalty;Loyauté partisane;Parteiloyalität;;;;;;;;;;;x,,,,,,
MAPMODE_17;Ranking;Rang;Rangliste;;;;;;;;;;;x,,,,,,
MAPMODE_18;Migrations;Migrations;Abwanderung;;;;;;;;;;;x,,,,,,
MAPMODE_20;Relations;Relations;Beziehungen;;;;;;;;;;;x,,,,,,
WORLD_RANKING;World ranking:;Rang mondial :;Weltrangliste:;;;;;;;;;;;x,,,,,,
WORLD_RANKING_SECONDARY_POWER;§Y$COUNTRY$§W is a Secondary Power.;§Y$COUNTRY$§W est une puissance secondaire.;§Y$COUNTRY$§W ist eine zweirangige Macht.;;;;;;;;;;;x,,,,,,
POPULATION_DENSITY_AT_PROVINCE;Total population in §Y$PROV$§W:;Population totale en §Y$PROV$§W :;Gesamtbevölkerung in §Y$PROV$§W:;;;;;;;;;;;x,,,,,,
NATIONALITY_MAJORITY_AT_PROVINCE;The national majority in §Y$PROV$§W are:;La majorité nationale en §Y$PROV$§W est :;Die nationale Mehrheit in §Y$PROV$§W haben:;;;;;;;;;;;x,,,,,,
SPHERE_OF_INFL_GREAT_POWER;§Y$COUNTRY$§W is a Great Power.;§Y$COUNTRY$§W est une grande puissance.;§Y$COUNTRY$§W ist eine große Macht.;;;;;;;;;;;x,,,,,,
SPHERE_OF_INFL_IS_IN_SPHERE;§Y$COUNTRY1$§W is in the sphere of §Y$COUNTRY2$§W.;§Y$COUNTRY1$§W est dans la sphère de §Y$COUNTRY2$§W.;§Y$COUNTRY1$§W befindet sich im Wirkungsbereich von §Y$COUNTRY2$§W.;;;;;;;;;;;x,,,,,,
SPHERE_OF_INFL_IS_INFL_BY;§Y$COUNTRY$§W is influenced by:;§Y$COUNTRY$§W est influencé par : ;§Y$COUNTRY$§W wird beeinflusst von:;;;;;;;;;;;x,,,,,,
PARTY_LOYALTY_EFFECT_DESC;Loyalty towards §Y$PARTY$§W in §Y$PROV$§W will be $OPERATOR$ §Y$VALUE$§W.;La loyauté au §Y$PARTY$§W en §Y$PROV$§W sera de $OPERATOR$ §Y$VALUE$§W.;Die Loyalität gegenüber §Y$PARTY$§W in §Y$PROV$§W wird $OPERATOR$ §Y$VALUE$§W sein.;;;;;;;;;;;x,,,,,,
PARTY_LOYALTY_EFFECT_OPERATOR_ADD;increased by;augmenté de;erhöht um;;;;;;;;;;;x,,,,,,
PARTY_LOYALTY_EFFECT_OPERATOR_REM;decreased by;diminué de;gesunken um;;;;;;;;;;;x,,,,,,
PARTY_LOYALTY_EFFECT_OPERATOR_MUL;multiplied by;multiplié par;multipliziert um;;;;;;;;;;;x,,,,,,
PARTY_LOYALTY_EFFECT_OPERATOR_SET;set to;fixé à;gesetzt auf;;;;;;;;;;;x,,,,,,
PARTY_LOYALTY_DESC_HEADER;Party loyalty in §Y$PROV$§W:;Loyauté du parti en §Y$PROV$§W :;Parteiloyalität in §Y$PROV$§W:;;;;;;;;;;;x,,,,,,
PARTY_LOYALTY_DESC_NEUTRAL;Neutral;Neutre;Neutral;;;;;;;;;;;x,,,,,,
PARTY_POPULARITY;Party Popularity;Popularité du parti;Partei-Beliebtheit;;;;;;;;;;;x,,,,,,
PRICE_HISTORY_TIME_RANGE;Last $MONTHS$ months;Derniers $MONTHS$ mois;Letzte $MONTHS$ Monate;;;;;;;;;;;x,,,,,,
NATIONAL_FOCUS_PARTY_LOYALTY_DESC;Daily loyalty change by: §Y$VAL$§W.;Loyauté évoluant de §Y$VAL$§W par jour.;Tägliche Änderung der Loyalität um: §Y$VAL$§W.;;;;;;;;;;;x,,,,,,
PARTY_WITH_IDEOLOGY_NOT_EXIST;There is no active party with §Y$IDEOLOGY$§W ideology.;Il n'y a pas de parti actif avec l'idéologie §Y$IDEOLOGY$§W;Es gibt keine aktive Partei mit einer §Y$IDEOLOGY$§W Weltanschauung.;;;;;;;;;;;x,,,,,,
NATIONAL_FOCUS_PARTY_LOYALTY_EFFECT;From national focus, daily change $VAL$ towards $PARTY$.;Par l'effet de la cause nationale, évolution quotidienne de $VAL$ envers $PARTY$.;Seitens des nationalen Fokus, tägliche Änderung $VAL$ in Richtung $PARTY$.;;;;;;;;;;;x,,,
SUBSTATE_OF_NOCOLOR;Substate of;Sous-État de;Unterstaat von;;;;;;;;;;;x,,,,,,
SUBSTATE;Substate;Sous-État;Unterstaat ;;;;;;;;;;;x,,,,,,
SUBSTATE_JOIN_WAR_DESC;is a substate of §Y$COUNTRY$§W and will always join it's wars.;est un sous-état de §Y$COUNTRY$§W et se joidra toujours à ses guerres.;ist ein Unterstaat von §Y$COUNTRY$§W und wird immer an dessen Kriegen teilnehmen. ;;;;;;;;;;;x,,,,,,
IS_NOT_SUBSTATE_OF;Is NOT a substate of ;N'est pas un Sous-État de ;Ist KEIN Unterstaat von;;;;;;;;;;;x,,,,,,
IS_SUBSTATE_OF;Is a substate of ;Est un Sous-État de ;Ist ein Unterstaat von;;;;;;;;;;;x,,,,,,
IS_NOT_SUBSTATE;Is NOT a substate;N'est pas un Sous-État;Ist KEIN Unterstaat  ;;;;;;;;;;;x,,,,,,
IS_SUBSTATE;Is a substate;Est un Sous-État;Ist ein Unterstaat;;;;;;;;;;;x,,,,,,
ANY_SUBSTATE;Any substate of;Un Sous-État de;Irgendeinen Unterstaat von;;;;;;;;;;;x,,,,,,
RALLY_POINT_INFO;If you enable the §Yrally point§! in this province, then all nearest units will head this way when recruiting is done.\n(See recruitment map mode for more details.);Si vous activez le §Ypoint de ralliement§! dans cette province, toutes les unités proches s'y rendront dès qu'elles seront recrutées.\n(Voir la carte de recrutement pour plus de détails);Falls Ihr den §Sammelpunkt§! In dieser Provinz aktiviert, werden sich alle Einheiten aus der Umgebung hierher bewegen, sobald die Rekrutierung abgeschlossen ist.\n(Weitere Details findest du im Rekrutierungs-Kartenmodus.);;;;;;;;;;;x,,
RALLY_POINT_ENABLE_INFO;Enable or Disable this province as a rally point.;Activer ou désactiver le point de ralliement de cette province.;Aktiviert oder Deaktiviert diese Provinz als Versammlungspunkt.;;;;;;;;;;;x,,,,,,
RALLY_POINT_MERGE_INFO;Enable or Disable units merging at destination.\n(Armies will merge up to the local supply limit.);Activer ou désactiver la fusion des unités à destination.\n(Les armées fusionneront jusqu'à la limite de ravitaillement locale);Aktiviert oder Deaktiviert Einheiten, die an dieser Stelle zusammengeführt werden.\n(Armeen kommen bis zum lokalen Vorratslimit zusammen.);;;;;;;;;;;x,,,,,
RALLY_POINT_PROVINCE_INFO;$PROV$ is a §Yrally point§!;$PROV$ est un §Ypoint de ralliement§!;$PROV$ ist ein §YSammelpunkt§!;;;;;;;;;;;x,,,,,,
RALLY_POINT_PROVINCE_MERGE_INFO;All recruited units will merge up to §Y$LIMIT$§! when arrive here.;Toutes les unités recrutées fusionneront jusqu'à §Y$LIMIT$§! quand elles arriveront ici.;Alle rekrutierten Einheiten werden bis zu einer Menge von §Y$LIMIT$§! zusammengeführt, sobald sie ankommen.;;;;;;;;;;;x,,,,,
DIPLOMACY_NEGOTIATE_SUBSTATE;We are not allowed to negotiate with §YSubstates§W;Nous ne sommes pas autorisés à négocier avec les §Ysous-états§W;Uns ist es nicht gestattet, mit §YUnterstaaten§W zu verhandeln;;;;;;;;;;;x,,,,,
DIPLOMACY_NEGOTIATE_WE_SUBSTATE;We are not allowed to negotiate with countries if we are a §YSubstate§W;Nous ne sommes pas autorisés à négocier avec les autres pays si nous sommes un §Ysous-état§W;Falls wir ein §YUnterstaat§W sind, ist es uns nicht gestattet, mit Ländern zu verhandeln.;;;;;;;;;;;x,,,,
DECL_WAR_NO_SUBSTATE;We are not allowed to declare war against §Ysubstates§W;Nous ne sommes pas autorisés à déclarer à la guerre aux §Ysous-états§W;Wir dürfen §YUnterstaaten§W nicht den Krieg erklären.;;;;;;;;;;;x,,,,,,
DIPLO_WE_SUBSTATE;We are a substate of theirs;Nous sommes un de leurs sous-états.;Wir sind ihr Unterstaat;;;;;;;;;;;x,,,,,,
DIPLO_THEY_SUBSTATE;They are a substate of our nation;Ils sont sous-état de notre nation;Sie sind ein Unterstaat unserer Nation;;;;;;;;;;;x,,,,,,
SELECT_CB_CREATION_TYPE;Select the type of justification we want to manufacture;Sélectionner le type de CB que vous voulez fabriquer;Wählt die Art der Rechtfertigung, die wir anfertigen wollen;;;;;;;;;;;x,,,,,
CB_CREATION_DETAIL;Manufacture a justification for declaring war with the §Y$TYPE$§! war goal. This will take roughly §Y$DAYS$§! days.\nIf we are detected early the maximum amount of infamy we can aquire is §R$BADBOY$§!.;Fabriquer une justification pour déclarer la guerre avec le Casus Belli §Y$TYPE$§!. Cela prendra environ §Y$DAYS$§! jours.\nSi nous sommes découverts, la pénalité d'infamie maximum que nous pourrions avoir serait de §R$BADBOY$§!.;Fertigt eine Rechtfertigung an, um einen Krieg mit §Y$TYPE$§! Kriegszielen erklären zu können. Dies wird ungefähr §Y$DAYS$§! Tage dauern.\nFalls wir frühzeitig entlarvt werden, beträgt die maximale Menge an Schande, die wir erhalten können, §R$BADBOY$§!.;;;;;;;;;;;x,
CB_MANUFACTURE_TECH;War justification efficiency;Efficacité de la justification de guerre;Effizienz der Kriegsrechtfertigung;;;;;;;;;;;x,,,,,,
CB_CREATE_TECH;War justification efficiency: $VAL$;Efficacité de la justification de guerre : $VAL$;Effizienz der Kriegsrechtfertigung: $VAL$;;;;;;;;;;;x,,,,,,
SUPPRESSION_TECH_DESC;Suppression efficiency: $VAL$;Efficacité de la répression : $VAL$;Unterdrückungseffizienz: $VAL$;;;;;;;;;;;x,,,,,,
CB_CREATION_TIME_DAYS;It will take roughly §Y$DAYS$§! days to justify this war;Cela prendra environ §Y$DAYS$§! jours pour justifier cette guerre;Es wird ungefähr §Y$DAYS$§! brauchen, den Krieg zu rechtfertigen;;;;;;;;;;;x,,,,,
CB_NOT_ON_PUPPETS;We can't justify war against §Ypuppets§W and §Ysubstates§W.;Nous ne pouvons pas justifier une guerre contre des §Ysatellites§W ou des §Ysous-états§W.;Wir können keinen Krieg gegen §YMarionetten§W and §YUnterstaaten§W führen.;;;;;;;;;;;x,,,,,,
CB_NOT_ON_SPHERES;We can't justify war against a country that is in our sphere.;Nous ne pouvons justifier une guerre contre un pays appartenant à notre sphère.;Wir können keinen Krieg gegen ein Land rechtfertigen, das sich in unserem Wirkungsbereich befindet.;;;;;;;;;;;x,,,,,
NO_WAR_JUSTIFICATION;We are missing a valid justification for declaring war on them.;Il nous manque une justification valide pour leur déclarer la guerre.;Wir besitzen keine gültige Kriegsrechtfertigung, um einen Krieg erklären zu können.;;;;;;;;;;;x,,,,,
NOT_HOSTILE_BUILD;Not Hostile;Pas hostile;Nicht feindselig;;;;;;;;;;;x,,,,,,
VOTER_ISSUES;Voter Issues;Questions électorales;Wählerprobleme;;;;;;;;;;;x,,,,,,
OL_VIEW_NATFOCUS;Toggles §YNational Focus§W view;Active la vue §YCause nationale§W;Schaltet die Ansicht zu §YNationalem Fokus§W um;;;;;;;;;;;x,,,,,,
OL_VIEW_NATFOCUS_HEADER;National Focus;Cause nationale;Nationaler Fokus;;;;;;;;;;;x,,,,,,
OL_VIEW_NATFOCUS_TOOLTIP;National Focus (§Y$FOCUS$§!) in §Y$STATE$§!;Cause nationale (§Y$FOCUS$§!) en §Y$STATE$§!;Nationaler Fokus (§Y$FOCUS$§!) in §Y$STATE$§!;;;;;;;;;;;x,,,,,,
OL_VIEW_RALLYPOINTS;Toggles §YRally Points§W view;Active la vue §YPoints de ralliement§W;Schaltet die Ansicht zu §YSammelpunkten§W um;;;;;;;;;;;x,,,,,,
OL_VIEW_RALLYPOINTS_HEADER;Rally Points;Points de ralliement;Sammelpunkte;;;;;;;;;;;x,,,,,,
OL_VIEW_RALLYPOINTS_TOOLTIP;All nearby recruited units will head towards §Y$PROV$§!;Toutes les unités regroupées à proximité vont marcher sur §Y$PROV$§!;Alle in der Nähe rekrutierten Einheiten werden sich Richtung §Y$PROV$§! begeben;;;;;;;;;;;x,,,,,,
OL_VIEW_RALLYPOINTS_MERGE_TOOLTIP; and will try to merge up to §Y$LIMIT$§! when arrive here.; et vont tenter de fusionner à concurrence de §Y$LIMIT$§! quand elles y arriveront.;und werden zu einer Menge von §Y$LIMIT$§! zusammengeführt, sobald sie ankommen.;;;;;;;;;;;x,,,,,
OL_VIEW_MERGE_ON;§G(Merge ON)§!;§G(Fusion Act.)§!;§G(Zusammenführen ANSCHALTEN)§!;;;;;;;;;;;x,,,,,,
OL_VIEW_MERGE_OFF;§Y(Merge OFF)§!;§Y(Fusion Dés.)§!;§Y(Zusammenführen AUSSCHALTEN)§!;;;;;;;;;;;x,,,,,,
OUR_CB_DETECTED_SETUP;When our war justification process is detected;Quand notre tentative de justification de guerre est détectée;Sobald unser Prozess der Kriegsrechtfertigung aufgedeckt wird;;;;;;;;;;;x,,,,,,
OUR_CB_DETECTED_HEADER;$MONARCHTITLE$;$MONARCHTITLE$;$MONARCHTITLE$;$MONARCHTITLE$;$MONARCHTITLE$;$MONARCHTITLE$;$MONARCHTITLE$;$MONARCHTITLE$;;;;;;x,,,,,,
OUR_CB_DETECTED_1;War Justification;Justification de guerre;Kriegsrechtfertigung;;;;;;;;;;;x,,,,,,
OUR_CB_DETECTED_2;Our attempt to justify war using;Notre tentative de justifier la guerre par;Unser Versuch, den Krieg zu rechtfertigen, ;;;;;;;;;;;x,,,,
OUR_CB_DETECTED_3;§Y$CASUS$§! Casus Belli;le Casus Belli §Y$CASUS$§!;mithilfe des §Y$CASUS$§! Casus Belli;;;;;;;;;;;x,,,,,,
OUR_CB_DETECTED_4;against;contre;gegen;;;;;;;;;;;x,,,,,,
OUR_CB_DETECTED_5;$TARGET$;$TARGET$;$TARGET$;;$TARGET$;;;;;;;;;x,,,,,,
OUR_CB_DETECTED_6;was detected! This costs us §R$BADBOY$§! infamy;a été détectée ! Cela nous coûte §R$BADBOY$§! d'infamie.;wurde entlarvt. Dies kostet uns  §R$BADBOY$§! Schande;;;;;;;;;;;x,,,,,,
OUR_CB_DETECTED_LOG;Our war justification process against $TARGET$ was detected.;Notre tentative de justification de guerre contre $TARGET$ a été détectée.;Unser Prozess der Kriegsrechtfertigung gegen $TARGET$ wurde entlarvt.;;;;;;;;;;;x,,,,,,
OUR_CB_DETECTED_BTN1;OK;D'accord;OK;OK;OK;OK;Rendben;OK;;;;;;x,,,,,,
OUR_CB_DETECTED_BTN2;OK;D'accord;OK;OK;OK;OK;Rendben;OK;;;;;;x,,,,,,
OUR_CB_DETECTED_BTN3;Goto;Voir;Gehe zu;IdŸ do;Ir allí;Andare;Ugrás;Pøejít na;;;;;;x,,,,,,
OUR_CB_DETECTED_MAP;*;*;*;*;*;*;*;;;;;;;x,,,,,,
CB_TOWARDS_US_DETECTED_SETUP;A war justification process against us is detected;Une tentative de justification de guerre contre nous est détectée;Ein Prozess der Kriegsrechtfertigung gegen uns wurde entlarvt.;;;;;;;;;;;x,,,,,,
CB_TOWARDS_US_DETECTED_HEADER;$MONARCHTITLE$;$MONARCHTITLE$;$MONARCHTITLE$;$MONARCHTITLE$;$MONARCHTITLE$;$MONARCHTITLE$;$MONARCHTITLE$;$MONARCHTITLE$;;;;;;x,,,,,,
CB_TOWARDS_US_DETECTED_1;War Justification;Justification de guerre;Kriegsrechtfertigung;;;;;;;;;;;x,,,,,,
CB_TOWARDS_US_DETECTED_2;An attempt to justify war using;Une tentative de justifier une guerre par le;Ein Versuch, den Krieg zu rechtfertigen, ;;;;;;;;;;;x,,,,
CB_TOWARDS_US_DETECTED_3;§Y$CASUS$§! Casus Belli;Casus Belli §Y$CASUS$§;mithilfe des §Y$CASUS$§! Casus Belli;;;;;;;;;;;x,,,,,,
CB_TOWARDS_US_DETECTED_4;against us by;contre nous par;gegen uns, durch;;;;;;;;;;;x,,,,,
CB_TOWARDS_US_DETECTED_5;$COUNTRY$;$COUNTRY$;$COUNTRY$;;$COUNTRY$;;;;;;;;;x,,,,,,
CB_TOWARDS_US_DETECTED_6;was detected!;a été détectée !;wurde entlarvt! ;;;;;;;;;;;x,,,,,,
CB_TOWARDS_US_DETECTED_LOG;A war justification process against us by $COUNTRY$ was detected;Une tentative de justifier une guerre contre nous par $COUNTRY$ a été détectée;Ein Prozess der Kriegsrechtfertigung von $COUNTRY$ gegen uns wurde entlarvt.;;;;;;;;;;;x,,,,,,
CB_TOWARDS_US_DETECTED_BTN1;OK;D'accord;OK;OK;OK;OK;Rendben;OK;;;;;;x,,,,,,
CB_TOWARDS_US_DETECTED_BTN2;OK;D'accord;OK;OK;OK;OK;Rendben;OK;;;;;;x,,,,,,
CB_TOWARDS_US_DETECTED_BTN3;Goto;Voir;Gehe zu;IdŸ do;Ir allí;Andare;Ugrás;Pøejít na;;;;;;x,,,,,,
CB_TOWARDS_US_DETECTED_MAP;*;*;*;*;*;*;*;;;;;;;x,,,,,,
OTHERS_CB_DETECTED_SETUP;A war justification process against someone is detected;A war justification process against someone is detected;Ein Prozess der Kriegsrechtfertigung gegen jemanden wurde entlarvt.;;;;;;;;;;;x,,,,,,
OTHERS_CB_DETECTED_HEADER;$MONARCHTITLE$;$MONARCHTITLE$;$MONARCHTITLE$;$MONARCHTITLE$;$MONARCHTITLE$;$MONARCHTITLE$;$MONARCHTITLE$;$MONARCHTITLE$;;;;;;x,,,,,,
OTHERS_CB_DETECTED_1;War Justification;Justification de guerre;Kriegsrechtfertigung;;;;;;;;;;;x,,,,,,
OTHERS_CB_DETECTED_2;An attempt to justify war using;Une tentative de justifier une guerre par le;Ein Versuch, den Krieg zu rechtfertigen, ;;;;;;;;;;;x,,,,
OTHERS_CB_DETECTED_3;§Y$CASUS$§! Casus Belli;Casus Belli §Y$CASUS$§;mithilfe des §Y$CASUS$§! Casus Belli;;;;;;;;;;;x,,,,,,
OTHERS_CB_DETECTED_4;against $TARGET$ by;contre $TARGET$ par;gegen $TARGET$, durch;;;;;;;;;;;x,,,,,
OTHERS_CB_DETECTED_5;$COUNTRY$;$COUNTRY$;$COUNTRY$;;$COUNTRY$;;;;;;;;;x,,,,,,
OTHERS_CB_DETECTED_6;was detected!;a été détectée !;wurde entlarvt! ;;;;;;;;;;;x,,,,,,
OTHERS_CB_DETECTED_LOG;A war justification process against $TARGET$ by $COUNTRY$ was detected;Une tentative de justifier une guerre contre $TARGET$ par $COUNTRY$ a été détectée;Ein Prozess der Kriegsrechtfertigung von $COUNTRY$ gegen $TARGET$ wurde entlarvt;;;;;;;;;;;x,,,,,,
OTHERS_CB_DETECTED_BTN1;OK;D'accord;OK;OK;OK;OK;Rendben;OK;;;;;;x,,,,,,
OTHERS_CB_DETECTED_BTN2;OK;D'accord;OK;OK;OK;OK;Rendben;OK;;;;;;x,,,,,,
OTHERS_CB_DETECTED_BTN3;Goto;Voir;Gehe zu;IdŸ do;Ir allí;Andare;Ugrás;Pøejít na;;;;;;x,,,,,,
OTHERS_CB_DETECTED_MAP;*;*;*;*;*;*;*;;;;;;;x,,,,,,
CB_gen_plus;CB generation speed increased;Augmentation de la vitesse de génération des CB;CB Generationengeschwindigkeit erhöht ;;;;;;;;;;;x,,,,,,
CB_gen_minus;CB generation speed decreased;Diminution de la vitesse de génération des CB;CB Generationengeschwindigkeit reduziert;;;;;;;;;;;x,,,,,,
CB_gen_plus_desc;Justifying wars can be done faster;Justifier des guerres peut se faire plus rapidement;Die Rechtfertigung eines Krieges kann schneller erledigt werden;;;;;;;;;;;x,,,,,,
CB_gen_minus_desc;Justifying wars now takes longer;Justifier des guerres prend maintenant plus de temps;Die Rechtfertigung eines Krieges dauert nun länger;;;;;;;;;;;x,,,,,,
BUILDING_AT_MAX_TERRAIN;Level $CURR$/$MAX$ (§R$TERRAINMOD$§! $TERRAIN$);Niveau $CURR$/$MAX$ (§R$TERRAINMOD$§! $TERRAIN$);Level $CURR$/$MAX$ (§R$TERRAINMOD$§! $TERRAIN$);;;;;;;;;;;x,,,,,,
PRODUCTION_INVEST;Foreign Investment;Invest. à l'étranger;Ausländische Investition;;;;;;;;;;;x,,,,,,
PRODUCTION_TAB_INVEST;Shows overview of investment in foreign countries;Montrer l'aperçu des investissements à l'étranger;Zeigt eine Übersicht der Investitionen im Ausland;;;;;;;;;;;x,,,,,,
FLAG_SUBMENU_INTERESTING;Set country as interesting.;Définir le pays comme intéressant.;Markiert das Land als interessant.;;;;;;;;;;;x,,,,,,
FLAG_SUBMENU_NOTINTERESTING;Set country as §Ynot§! interesting.;Définir le pays comme §Ypas§! intéressant.;Markiert das Land als §Ynicht§! interessant.;;;;;;;;;;;x,,,,,,
MESSAGE_TYPE_INTERESTING;Interesting;Intéressant;Interessant;;;;;;;;;;;x,,,,,,
MESSAGE_TYPE_NOT_INTERESTING;Other;Autre;Anderes;;;;;;;;;;;x,,,,,,
MESSAGE_SEARCH;Search:;Chercher;Suchen:;;;;;;;;;;;x,,,,,,
MESSAGE_BUTTON_SEARCH;Search;Chercher;Suche ;;;;;;;;;;;x,,,,,,
MESSAGE_BUTTON_CLEAR;Clear;Effacer;Löschen;;;;;;;;;;;x,,,,,,
MESSAGE_SEARCH_TOOLTIP;Enter key words separated by §Yspace§! to filter the list.;Entrez les mot-clefs séparés par §YEspace§! pour filtrer la liste.;Trennt Schlüsselwörter mithilfe der §YLeertaste§!, um die Liste zu filtern. ;;;;;;;;;;;x,,,,,
SIDEMENU_menubar_msg_settings;Click to open message filter settings.;Clic gauche pour sélectionner les filtres de messages;Klicken, um die Einstellungen des Nachrichtenfilters zu öffnen.;;;;;;;;;;;x,,,,,
RULE_BUILD_FACTORY_INVEST;Build foreign factory;Construire une usine à l'étranger;Eine ausländische Fabrikanlage bauen;;;;;;;;;;;x,,,,,,
RULE_EXPAND_FACTORY_INVEST;Expand foreign factory;Agrandir une usine à l'étranger;Eine ausländische Fabrikanlage ausbauen;;;;;;;;;;;x,,,,,,
RULE_OPEN_FACTORY_INVEST;Open foreign factory;Ouvrir une usine à l'étranger;Eine ausländische Fabrikanlage eröffnen;;;;;;;;;;;x,,,,,,
RULE_BUILD_RAILWAY_INVEST;Investors can build foreign railways;Les investisseurs peuvent construire des chemins de fer à l'étranger;Investoren können eine ausländische Eisenbahnlinie bauen;;;;;;;;;;;x,,,,,,
RULE_CAN_INVEST_IN_POP_PROJECTS;Invest in pop projects;Investir dans des projets;In Pop-Projekte investieren;;;;;;;;;;;x,,,,,,
RULE_POP_BUILD_FACTORY_INVEST;Investors can build foreign factory;Des investisseurs peuvent construire une usine à l'étranger;Investoren können eine ausländische Fabrikanlage bauen;;;;;;;;;;;x,,,,,,
RULE_POP_EXPAND_FACTORY_INVEST;Investors can expand foreign factory;Des investisseurs peuvent agrandir une usine à l'étranger;Investoren können eine ausländische Fabrikanlage erweitern;;;;;;;;;;;x,,,,,,
RULE_POP_OPEN_FACTORY_INVEST;Investors can open foreign factory;Des investisseurs peuvent ouvrir une usine à l'étranger;Investoren können eine ausländische Fabrikanlage eröffnen;;;;;;;;;;;x,,,,,,
PRODUCTION_OUR_INVEST;Our investment: $AMOUNT$¤ ($PERCENTAGE$%);Notre investissement : $AMOUNT$ ¤ ($PERCENTAGE$ %);Unsere Investition: $AMOUNT$¤ ($PERCENTAGE$%);;;;;;;;;;;x,,,,,,
MSG_FILTER_HEADER;Messages filter settings;Filtres de messages;Nachrichtenfilter-Einstellungen;;;;;;;;;;;x,,,,,,
MSG_FILTER_TITLE;We are interested in:;Sommes intéressés par;Wir interessieren uns für:;;;;;;;;;;;x,,,,,,
MSG_FILTER_DESELECT;Deselect All;Tout déselectionner;Alle Markierungen aufheben;;;;;;;;;;;x,,,,,,
MSG_FILTER_BEST_GUESS;Best Guess;Les plus utiles;Einschätzung;;;;;;;;;;;x,,,,,,
MSG_FILTER_ENEMIES;Enemies;Ennemis;Feinde;;;;;;;;;;;x,,,,,,
MSG_FILTER_ALLIES;Allies;Alliés;Verbündete;;;;;;;;;;;x,,,,,,
MSG_FILTER_NEIGHBOURS;Neighbors;Voisins;Nachbarn;;;;;;;;;;;x,,,,,,
MSG_FILTER_SPHERE;Sphere;Sphère;Wirkungsbereich;;;;;;;;;;;x,,,,,,
PRODUCTION_BROWSE_INVEST;Other;Autres;Anderes;;;;;;;;;;;x,,,,,,
DIPLOMACY_OPINION_INVESTMENT;§Y$GP_ADJ$§W investment: §Y$VALUE$§!¤;Investissement §Y$GP_ADJ$§W : §Y$VALUE$§! ¤;§Y$GP_ADJ$§W Investition: §Y$VALUE$§!¤;;;;;;;;;;;x,,,,,,
MSG_FILTER_TOOLTIP_HEADER;In message filter settings window, you can select countries that you are interested in. All the messages and alerts will be shown only for those important countries.;Dans les paramètres de filtre des messages, vous pouvez sélectionner les pays qui vous intéressent. Tous les messages et alertes ne seront montrés que pour ces pays importants.;Im Nachrichtenfilter-Fenster könnt Ihr Länder auswählen, für die Ihr Euch interessiert. Alle Nachrichten und Warnungen werden nur für diese wichtigen Länder angezeigt.;;;;;;;;;;;x,,,
MSG_FILTER_TOOLTIP_DELAYED;§YLeft click§! replaces current selection.\n§YRight click§! adds to current selection.\n§YLeft click + SHIFT§! toggles filter.;§YClic gauche§! remplace la sélection actuelle.\n§YClic droit§! ajoute à la sélection actuelle.\n§YClic gauche + Maj§! alterne le filtre.;§YLinksklick§! Ersetzt die aktuelle Auswahl.\n§YRechtsklick§! Ergänzt die aktuelle Auswahl.\n§YLinksklick + SHIFT§! Schaltet den Filter um.;;;;;;;;;;;x,,,,,,
MSG_FILTER_TOOLTIP_DESELECT;Deselect all countries from the list.;Déselectionner tous les pays de la liste.;Wählt alle Länder von dieser Liste ab.;;;;;;;;;;;x,,,,,,
MSG_FILTER_TOOLTIP_BESTGUESS;Select countries by using best guess method.;Sélectionner les pays en utilisant la méthode du choix optimal.;Wählt Länder nach Einschätzung aus.;;;;;;;;;;;x,,,,,,
MSG_FILTER_TOOLTIP_ENEMIES;Select countries that are your enemies.;Sélectionner les pays ennemis.;Wählt Länder, die Eure Feinde sind.;;;;;;;;;;;x,,,,,
MSG_FILTER_TOOLTIP_ALLIES;Select countries that are your allies.;Sélectionner les pays alliés.;Wählt Länder, die Eure Verbündeten sind.;;;;;;;;;;;x,,,,,
MSG_FILTER_TOOLTIP_NEIGHBOURS;Select countries that are your neighbors.;Sélectionner les pays voisins.;Wählt Länder, die Eure Nachbarn sind.;;;;;;;;;;;x,,,,,
MSG_FILTER_TOOLTIP_SPHERE;Select countries that are in your sphere. (if you are a great power);Sélectionner les pays de votre sphère d'influence (si vous êtes une grande puissance);Wählt Länder, die sich in Eurem Wirkungsbereich befinden (wenn Ihr eine Großmacht seid);;;;;;;;;;;x,,,,,
MSG_FILTER_TOOLTIP_CONTINENT;Select countries that owns any province on the continent.;Sélectionner les pays possédant des provinces sur le continent.;Wählt Länder, die eine Provinz auf dem Kontinent besitzen.;;;;;;;;;;;x,,,,,
PRODUCTION_NOT_DESTROY_FACTORY_BECAUSE_FOREIGN_TOOLTIP;We don't have the right to do that in a foreign country;Nous n'avons pas le droit de faire cela dans un pays étranger;Wir haben nicht das Recht, dies in einem anderen Land zu tun;;;;;;;;;;;x,,,,,
INVESTMENT_PENALTY_FACTOR;Other national investors;Autres investisseurs nationaux;Andere ausländische Investoren;;;;;;;;;;;x,,,,,,
SPHERE_SHARE_NOT_IN_SPHERE;Not in a sphere so free to sell on the world market;Pas dans une sphère d'influence, donc libre de vendre sur le marché mondial;Nicht in einem Einflussgebiet, das auf dem Weltmarkt verkaufen darf;;;;;;;;;;;x,,,,
SPHERE_SHARE_UNCIV;Uncivilized nation, will make §Y$PERCENTAGE$%§! of all resources available on leaders market;Nation non civilisée, laissera disponibles §Y$PERCENTAGE$ %§! de toutes les ressources sur les marchés dominants;Unzivilisierte Nation, §Y$PERCENTAGE$%§! aller Ressourcen werden auf dem Markt des Anführers bereitgestellt;;;;;;;;;;;x,,,
SPHERE_SHARE_2NDRANK;Second rank nation, will make §Y$PERCENTAGE$%§! of all resources available on leaders market (Base: §Y$BASE_PERCENTAGE$%§!);Nation de second rang, laissera disponibles §Y$PERCENTAGE$ %§! de toutes les ressources sur les marchés dominants (Base : §Y$BASE_PERCENTAGE$ %§!);Zweitrangige Nation, §Y$PERCENTAGE$%§! aller Ressourcen werden auf dem Markt des Anführers bereitgestellt (Basis: §Y$BASE_PERCENTAGE$%§!);;;;;;;;;;;x,,,
SPHERE_SHARE_CIV;Civilized nation, will make §Y$PERCENTAGE$%§! of all resources available on leaders market (Base: §Y$BASE_PERCENTAGE$%§!);Nation civilisée, laissera disponibles §Y$PERCENTAGE$ %§! de toutes les ressources sur les marchés dominants (Base : §Y$BASE_PERCENTAGE$ %§!);Zivilisierte Nation, §Y$PERCENTAGE$%§! aller Ressourcen werden auf dem Markt des Anführers bereitgestellt (Basis: §Y$BASE_PERCENTAGE$%§!);;;;;;;;;;;x,,,
RULE_ALLOW_FOREIGN_INVESTMENT;Allow foreign investment;Autoriser les investissements étrangers;Erlaubt ausländische Investitionen;;;;;;;;;;;x,,,,,,
POLITICS_DECISIONS_TAB;Decisions;Décisions;Entscheidungen;;;;;;;;;;;x,,,,,,
POLITICS_MOVEMENTS_TAB;Movements;Mouvements;Bewegungen;;;;;;;;;;;x,,,,,,
MOVEMENT_RADICALISM_BASE;Base: §R$VAL$§%§!;Base: §R$VAL$§ %§!;Basis: §R$VAL$§%§!;;;;;;;;;;;x,,,,,,
MOVEMENT_RADICALISM_ACCUMULATED;Suppression: §R$VAL$§%§!;Répression : §R$VAL$§ %§!;Unterdrückung: §R$VAL$§%§!;;;;;;;;;;;x,,,,,,
MOVEMENT_RADICALISM_GRANTED_REFORMS;Granted reforms: §G$VAL$§%§!;Réformes accordées : §G$VAL$§ %§!;Gewährte Reformen: §G$VAL$§%§!;;;;;;;;;;;x,,,,,,
MOVEMENT_RADICALISM_CULTURE;$CULTURE$: $VAL$;$CULTURE$: $VAL$;$CULTURE$: $VAL$;;;;;;;;;;;x,,,,,,
ALREADY_SUPPRESSED;Movement is not radical and can't be suppressed;Ce mouvement n'est pas radical et ne peut être réprimé;Die Bewegung ist nicht radikal und kann nicht unterdrückt werden;;;;;;;;;;;x,,,,,,
SUPPRESSION_POINTS;Suppression points;Points de répression;Unterdrückungspunkte;;;;;;;;;;;x,,,,,,
NATIONALIST_UNION_MOVEMENT;$COUNTRY_ADJ$ Unification Movement;Mouvement d'unification $COUNTRY_ADJ$;$COUNTRY_ADJ$ Vereinigungs-Bewegung;;;;;;;;;;;x,,,,,,
NATIONALIST_LIBERATION_MOVEMENT;$COUNTRY$ Liberation Movement;Mouvement de libération de $COUNTRY$;$COUNTRY$ Befreiungs-Bewegung;;;;;;;;;;;x,,,,,,
SUPRESSION_MONTHLY_GAIN;Monthly gain: §G$VAL$§!;Gain mensuel : §G$VAL$§!;Monatlicher Zuwach: §G$VAL$§!;;;;;;;;;;;x,,,,,,
MODIFIER_EDUCATION_EFFICIENCY;Education efficiency;Efficacité de l'éducation;Bildungseffizienz;;;;;;;;;;;x,,,,,,
MODIFIER_SUPPRESSION_POINT_GAIN;Suppression point gain;Point de répression gagné;Gewinn an Unterdrückungspunkten;;;;;;;;;;;x,,,,,,
NOT_SOCIAL_MOVEMENT_STRENGTH_TR;Social movement strength is lower than §Y$VAL$§W.\n;Mouvement social dont la force est inférieure à §Y$VAL$§W.\n;Die Stärke der sozialen Bewegung ist niedriger als §Y$VAL$§W.\n;;;;;;;;;;;,,,,,,
SOCIAL_MOVEMENT_STRENGTH_TR;Social movement strength is higher than §Y$VAL$§W.\n;Mouvement social dont la force est supérieure à §Y$VAL$§W.\n;Die Stärke der sozialen Bewegung ist größer als §Y$VAL$§W.\n;;;;;;;;;;;,,,,,,
NOT_POLITICAL_MOVEMENT_STRENGTH_TR;Political movement strength is lower than §Y$VAL$§W.\n;Mouvement politique dont la force est inférieure à §Y$VAL$§W.\n;Die Stärke der politischen Bewegung ist niedriger als §Y$VAL$§W.\n;;;;;;;;;;;,,,,,,
POLITICAL_MOVEMENT_STRENGTH_TR;Political movement strength is higher than §Y$VAL$§W.\n;Mouvement politique dont la force est supérieure à §Y$VAL$§W.\n;Die Stärke der politischen Bewegung ist größer als §Y$VAL$§W.\n;;;;;;;;;;;,,,,,,
SUPPRESS;Suppress;Réprimer;Unterdrücken;;;;;;;;;;;x,,,,,,
SUPPRESSION_DESC;Suppress this movement. This will cost $VAL$ points and make the movement likely to be more radical (§R+$HIT$§!) in the future.;Réprimer ce mouvement. Cela coûtera $VAL$ points et rendra le mouvement plus radical (§R+$HIT$§!) dans le futur.;Unterdrückt diese Bewegungt. Dies kostet $VAL$ Punkte und erhöht die Chancen, dass diese Bewegung in Zukunft (§R+$HIT$§!)radikaler wird.;;;;;;;;;;;x,,,,,
CANT_SUPPRESS_DESC;We need more points to be able to suppress this movement. We have §R$VAL$§! suppression points and it requires §Y$NEED$§!.;Nous avons besoin de plus de points pour pouvoir réprimer ce mouvement. Nous avons §R$VAL$§! points de répression et il en faut §Y$NEED$§!.;Wir benötigen mehr Punkte um diese Bewegung unterdrücken zu können. Wir haben §R$VAL$§! Unterdrückungspunkte, benötigen jedoch  §Y$NEED$§!.;;;;;;;;;;;,,,,,
REFORM_MOVEMENT_DESC;Movement calling for the enactment of §Y$REFORM$§!;Mouvement appelant à l'avènement de §Y$REFORM$§!;Bewegung für die Verabschiedung von §Y$REFORM$§!;;;;;;;;;;;x,,,,,,
NATIONALIST_UNION_MOVEMENT_DESC;Movement calling for the forming of §Y$COUNTRY$§!;Mouvement appelant à la formation de §Y$COUNTRY$§!;Bewegung für die Gründung von §Y$COUNTRY$§!;;;;;;;;;;;x,,,,,,
NATIONALIST_LIBERATION_MOVEMENT_DESC;Movement calling for the liberation of §Y$COUNTRY$§!;Mouvement appelant à la libération de §Y$COUNTRY$§!;Bewegung für die Befreiung von §Y$COUNTRY$§!;;;;;;;;;;;x,,,,,,
SUPPRESSION_LABEL_DESC;Suppression points measure your governments power to suppress popular movements;Les points de répression mesurent le pouvoir pour le gouvernement de réprimer les mouvements populaires;Unterdrückungspunkte geben die Macht Eurer Regierung an, Volksbewegungen zu unterdrücken;;;;;;;;;;;x,,,,,
MOVEMENT_REFORM_SUPPORT;There is a popular movement of size $VAL$ lobbying for the enactment of this reform.;Il y a un mouvement populaire, d'une taille de $VAL$, qui milite pour l'adoption de cette réforme.;Es gibt eine Volksbewegung der Größe $VAL$, die für die Verabschiedung dieser Reform lobbiiert.;;;;;;;;;;;x,,,
POLITICS_MOVEMENTS;Movements;Mouvements;Bewegungen;;;;;;;;;;;x,,,,,,
POLITICS_ECONOMIC_REFORMS;Economic Reforms;Réformes économiques;Wirtschaftsreformen;;;;;;;;;;;x,,,,,,
POLITICS_MILITARY_REFORMS;Military Reforms;Réformes militaires;Militärreformen;;;;;;;;;;;x,,,,,,
CAN_INVEST_IN_RAILROADS;Allowed to invest in railroads;Autoriser à investir dans les chemins de fer;Investitionen in Eisenbahnen erlaubt;;;;;;;;;;;x,,,,,,
NUMBER_OF_REBELS_READY;§YRebel brigades ready to join in a rising§!;§YBrigades rebelles prêtes à se joindre à un soulèvement§!;§YRebellenbrigaden kurz vor Beitritt zu einer Auflehnung§!;;;;;;;;;;;x,,,,,,
NUMBER_OF_REBELS_ACTIVE;§YRebel brigades active in revolt§!;§YBrigades rebelles actives dans la révolte§!;§YRebellenbrigaden in Aufständen aktiv§!;;;;;;;;;;;x,,,,,,
TECH_YEAR_MODIFIER;Cost modifier from years known: $VAL$;Modificateur du coût pour les années connues : $VAL$;Kostenmodifikator durch bekannte Jahre: $VAL$;;;;;;;;;;;x,,,,,,
ECONOMICREFORM_SETUP;When enacting an economic reform;En adoptant une réforme économique;Beim Verabschieden einer Wirtschaftsreform;;;;;;;;;;;x,,,,,,
ECONOMICREFORM_HEADER;Political News in $COUNTRY$;Nouvelles politiques en $COUNTRY$;Politische Neuigkeiten in $COUNTRY$;;;;;;;;;;;x,,,,,,
ECONOMICREFORM_1;Economic Reforms in $COUNTRY$;Réformes économiques en $COUNTRY$;Wirtschaftsreformen $COUNTRY$;;;;;;;;;;;x,,,,,,
ECONOMICREFORM_2;$MONARCHTITLE$, we have now enacted;$MONARCHTITLE$, nous avons adopté;$MONARCHTITLE$, wir haben nun verabschiedet:;;;;;;;;;;;x,,,
ECONOMICREFORM_3;$ISSUE$;$ISSUE$;$ISSUE$;;$ISSUE$;;;;;;;;;x,,,,,,
ECONOMICREFORM_4;in;en;in;;;;;;;;;;;x,,,,,,
ECONOMICREFORM_5;$CATEGORY$;$CATEGORY$;$CATEGORY$;;;;;;;;;;;x,,,,,,
ECONOMICREFORM_6;*;*;*;;*;;;;;;;;;x,,,,,,
ECONOMICREFORM_LOG;We enacted $ISSUE$ in $CATEGORY$.;Nous avons adopté $ISSUE$ en $CATEGORY$.;Wir haben $ISSUE$ in $CATEGORY$ verabschiedet.;;;;;;;;;;;x,,,,,,
ECONOMICREFORM_BTN1;OK;D'accord;OK;;Aceptar;;;;;;;;;x,,,,,,
ECONOMICREFORM_BTN2;OK;D'accord;OK;;Aceptar;;;;;;;;;x,,,,,,
ECONOMICREFORM_BTN3;Goto;Voir;Gehe zu;;Ir allí;;;;;;;;;x,,,,,,
ECONOMICREFORM_MAP;*;*;*;;*;;;;;;;;;x,,,,,,
ECONOMICREFORM_BAD_SETUP;When removing an economic reform;Annulation d'une réforme économique;Beim Entfernen einer Wirtschaftsreform;;;;;;;;;;;x,,,,,,
ECONOMICREFORM_BAD_HEADER;Political News in $COUNTRY$;Nouvelle politique en $COUNTRY$;Politische Neuigkeiten in $COUNTRY$;;;;;;;;;;;x,,,,,,
ECONOMICREFORM_BAD_1;Economic Reforms Revoked in $COUNTRY$;Réformes économiques révoquées in $COUNTRY$;Wirtschaftsreformen widerrufen in $COUNTRY$;;;;;;;;;;;x,,,,,,
ECONOMICREFORM_BAD_2;$MONARCHTITLE$, we have now revoked benefits in;$MONARCHTITLE$, nous avons renoncé aux bénéfices de;$MONARCHTITLE$, wir haben nun Vorteile widerrufen in;;;;;;;;;;;x,,,
ECONOMICREFORM_BAD_3;$CATEGORY$;$CATEGORY$;$CATEGORY$;;$CATEGORY$;;;;;;;;;x,,,,,,
ECONOMICREFORM_BAD_4;from $OLD$ to $ISSUE$.;de $OLD$ pour $ISSUE$.;von $OLD$ auf $ISSUE$.;;;;;;;;;;;x,,,,,,
ECONOMICREFORM_BAD_5;*;*;*;;*;;;;;;;;;x,,,,,,
ECONOMICREFORM_BAD_6;*;*;*;;*;;;;;;;;;x,,,,,,
ECONOMICREFORM_BAD_LOG;We revoked $OLD$ in $CATEGORY$ to $ISSUE$.;Nous avons annulé $OLD$ en $CATEGORY$ pour $ISSUE$.;Wir haben $OLD$ in $CATEGORY$ auf $ISSUE$ widerrufen.;;;;;;;;;;;x,,,,,,
ECONOMICREFORM_BAD_BTN1;OK;D'accord;OK;;Aceptar;;;;;;;;;x,,,,,,
ECONOMICREFORM_BAD_BTN2;OK;D'accord;OK;;Aceptar;;;;;;;;;x,,,,,,
ECONOMICREFORM_BAD_BTN3;Goto;Voir;Gehe zu;;Ir allí;;;;;;;;;x,,,,,,
ECONOMICREFORM_BAD_MAP;*;*;*;;*;;;;;;;;;x,,,,,,
MILITARYREFORM_SETUP;When enacting a military reform;En adoptant une réforme militaire;Beim Verabschieden einer Militärreform;;;;;;;;;;;x,,,,,,
MILITARYREFORM_HEADER;Political News in $COUNTRY$;Nouvelle politique en $COUNTRY$;Politische Neuigkeiten in $COUNTRY$;;;;;;;;;;;x,,,,,,
MILITARYREFORM_1;Military Reforms in $COUNTRY$;Réformes militaires en $COUNTRY$;Militärreformen in $COUNTRY$;;;;;;;;;;;x,,,,,,
MILITARYREFORM_2;$MONARCHTITLE$, we have now enacted;$MONARCHTITLE$, nous avons adopté;$MONARCHTITLE$, wir haben nun verabschiedet:;;;;;;;;;;;x,,,
MILITARYREFORM_3;$ISSUE$;$ISSUE$;$ISSUE$;;$ISSUE$;;;;;;;;;x,,,,,,
MILITARYREFORM_4;in;en;in;;;;;;;;;;;x,,,,,,
MILITARYREFORM_5;$CATEGORY$;$CATEGORY$;$CATEGORY$;;;;;;;;;;;x,,,,,,
MILITARYREFORM_6;*;*;*;;*;;;;;;;;;x,,,,,,
MILITARYREFORM_LOG;We enacted $ISSUE$ in $CATEGORY$.;Nous avons adopté $ISSUE$ en $CATEGORY$.;Wir haben $ISSUE$ in $CATEGORY$ verabschiedet.;;;;;;;;;;;x,,,,,,
MILITARYREFORM_BTN1;OK;D'accord;OK;;Aceptar;;;;;;;;;x,,,,,,
MILITARYREFORM_BTN2;OK;D'accord;OK;;Aceptar;;;;;;;;;x,,,,,,
MILITARYREFORM_BTN3;Goto;Voir;Gehe zu;;Ir allí;;;;;;;;;x,,,,,,
MILITARYREFORM_MAP;*;*;*;;*;;;;;;;;;x,,,,,,
MILITARYREFORM_BAD_SETUP;When removing a military reform;Annulation d'une réforme militaire;Beim Widerruf einer Militärreform;;;;;;;;;;;x,,,,,,
MILITARYREFORM_BAD_HEADER;Political News in $COUNTRY$;Nouvelle politique en $COUNTRY$;Politische Neuigkeiten in $COUNTRY$;;;;;;;;;;;x,,,,,,
MILITARYREFORM_BAD_1;Military Reforms Revoked in $COUNTRY$;Réformes militaires annulées en $COUNTRY$;Militärreformen in $COUNTRY$ widerrufen;;;;;;;;;;;x,,,,,,
MILITARYREFORM_BAD_2;$MONARCHTITLE$, we have now revoked benefits in;$MONARCHTITLE$, nous avons renoncé aux bénéfices de;$MONARCHTITLE$, wir haben nun Vorteile widerrufen in;;;;;;;;;;;x,,,
MILITARYREFORM_BAD_3;$CATEGORY$;$CATEGORY$;$CATEGORY$;;$CATEGORY$;;;;;;;;;x,,,,,,
MILITARYREFORM_BAD_4;from $OLD$ to $ISSUE$.;de $OLD$ pour $ISSUE$.;von $OLD$ auf $ISSUE$.;;;;;;;;;;;x,,,,,,
MILITARYREFORM_BAD_5;*;*;*;;*;;;;;;;;;x,,,,,,
MILITARYREFORM_BAD_6;*;*;*;;*;;;;;;;;;x,,,,,,
MILITARYREFORM_BAD_LOG;We revoked $OLD$ in $CATEGORY$ to $ISSUE$.;Nous avons supprimé $OLD$ en $CATEGORY$ pour $ISSUE$.;Wir haben $OLD$ in $CATEGORY$ auf $ISSUE$ widerrufen.;;;;;;;;;;;x,,,,,,
MILITARYREFORM_BAD_BTN1;OK;D'accord;OK;;Aceptar;;;;;;;;;x,,,,,,
MILITARYREFORM_BAD_BTN2;OK;D'accord;OK;;Aceptar;;;;;;;;;x,,,,,,
MILITARYREFORM_BAD_BTN3;Goto;Voir;Gehe zu;;Ir allí;;;;;;;;;x,,,,,,
MILITARYREFORM_BAD_MAP;*;*;*;;*;;;;;;;;;x,,,,,,
MODIFIER_CIVILIZATION_PROGRESS;Civilization Progress;Progrès de la civilisation;Zivilisationsfortschritt;;;;;;;;;;;x,,,,,,
SUPPRESSION_TECH;Suppression efficiency;Efficacité de la répression;Effektivität der Unterdrückung;;;;;;;;;;;x,,,,,,
REFORM_RESEARCH_COST;Research Cost: §Y$COST$§!;RCoût de recherche: §Y$COST$§!;Forschungskosten: §Y$COST$§!;;;;;;;;;;;x,,,,,,
POLITICS_CIVILIZE;Westernize;Occidentalisation;Verwestlichen;;;;;;;;;;;x,,,,,,
CIVILIZE_DESC;Fully embrace western ideas. This will give us access to the technological advances of our sphere leader;Embrasser entièrement les idées occidentales : cela nous donnera accès aux technologies avancées du pays dominant de notre sphère.;Nehmt die westlichen Ideen vollständig an. Dies wird uns Zugang zu den technologischen Fortschritten des Anführers unseres Wirkungsbereichs gewähren;;;;;;;;;;;x,,,,,,
CIVILIZE_NO_MASTER_DESC;Fully embrace western ideas. This will gives us access to the technological advances from around the world;Embrasser entièrement les idées occidentales : cela nous donnera accès aux technologies avancées du monde entier.;Nehmt die westlichen Ideen vollständig an. Dies wird uns Zugang zu den technologischen Fortschritten aus aller Welt verschaffen;;;;;;;;;;;x,,,,,,
INFLUENCE_RELATION;Relations;Relations;Beziehungen;;;;;;;;;;;x,,,,,,
NO_CIV_PROGRESS;We have made no progress towards westernization. We need to enact military or economic reforms;Nous n'avons fait aucun progrès vers l'occidentalisation. Nous avons besoin d'adopter des réformes militaires ou économiques.;Wir haben keine Fortschritte in der Verwestlichung gemacht. Wir müssen militärische oder wirtschaftliche Reformen verabschieden;;;;;;;;;;;x,,,,,,
RESEARCH_POINTS_LABEL;Research Points:;Points de recherche :;Forschungspunkte:;;;;;;;;;;;x,,,,,,
MODIFIER_UNCIV_ECONOMIC;Economic reform cost;Coût de la réforme économique;Kosten für Wirtschaftsreform;;;;;;;;;;;x,,,,,,
MODIFIER_UNCIV_MILITARY;Military reform cost;Coût de la réforme militaire;Kosten für Militärreform;;;;;;;;;;;x,,,,,,
MODIFIER_SELF_UNCIV_ECONOMIC;Economic reform cost;Coût de la réforme économique;Kosten für Wirtschaftsreform;;;;;;;;;;;x,,,,,,
MODIFIER_SELF_UNCIV_MILITARY;Military reform cost;Coût de la réforme militaire;Kosten für Militärreform;;;;;;;;;;;x,,,,,,
MODIFIER_LAND_UNIT_START_EXPERIENCE;Land Starting Experience;Expérience militaire de départ;Anfangserfahrung der Landeinheiten;;;;;;;;;;;x,,,,,,
MODIFIER_NAVAL_UNIT_START_EXPERIENCE;Naval Starting Experience;Expérience navale de départ;Anfangserfahrung der Marineeinheiten;;;;;;;;;;;x,,,,,,
MODIFIER_ADMINISTRATIVE_EFFICIENCY;Administrative Efficiency;Efficacité administrative;Verwaltungseffizienz;;;;;;;;;;;x,,,,,,
ARMY_TECHNOLOGY_LEVELS;Army Tech: $VAL$/$MAX$;Tech. mil.: $VAL$/$MAX$;Armeetechnologie: $VAL$/$MAX$;;;;;;;;;;;x,,,,,,
NAVY_TECHNOLOGY_LEVELS;Naval Tech: $VAL$/$MAX$;Tech. nav.: $VAL$/$MAX$;Marinetechnologie: $VAL$/$MAX$;;;;;;;;;;;x,,,,,,
MODIFIER_TARIFF_EFFICIENCY;Tariff Efficiency;Efficacité des taxes;Tarifeffizienz;;;;;;;;;;;x,,,,,,
MODIFIER_MAX_LOAN_AMOUNT;Max loan amount;Montant maximal de prêt;Maximaler Darlehensbetrag;;;;;;;;;;;x,,,,,,
PROD_YOUR_CURRENT_BUDGET;Your current budget:;Votre budget actuel :;Euer derzeitiges Budget:;;;;;;;;;;;x,,,,,,
PROD_YOUR_INVESTMENT;Your investment:;Votre investissement :;Eure Investition:;;;;;;;;;;;x,,,,,,
MODIFIER_LAND_ATTACK;Land unit attack;Unité d'attaque terrestre;Landeinheit Angriff;;;;;;;;;;;x,,,,,,
MODIFIER_NAVAL_ATTACK;Naval unit attack;Unité d'attaque navale;Marineeinheit Angriff;;;;;;;;;;;x,,,,,,
MODIFIER_LAND_DEFENSE;Land unit defense;Unité de défense terrestre;Landeinheit Verteidigung;;;;;;;;;;;x,,,,,,
MODIFIER_NAVAL_DEFENSE;Naval unit defense;Unité de défense navale;Marineeinheit Verteidigung;;;;;;;;;;;x,,,,,,
SET_ECONOMIC_REFORM_EFFECT;Economic reform selected: §Y$NAME$§W.\n;Réforme économique sélectionnée : §Y$NAME$§W.\n;gewählte Wirtschaftsreform: §Y$NAME$§W.\n;;;;;;;;;;;x,,,,,,
SET_MILITARY_REFORM_EFFECT;Military reform selected: §Y$NAME$§W.\n;MRéforme militaire sélectionnée : §Y$NAME$§W.\n;gewählte Militärreform: §Y$NAME$§W.\n;;;;;;;;;;;x,,,,,,
NATIONALIZE_INDUSTRY_EFFECT;Perform Nationalization;Procéder à la nationalisation;Nationalisierung durchführen;;;;;;;;;;;x,,,,,,
DIPLOMACY_ALMOST_WESTERN_NATION_STATUS;Partially Westernized Nation;Nation partiellement occidentalisée;Teilverwestlichte Nation;;;;;;;;;;;x,,,,,,
DIPLOMACY_PRIMITIVENATION_STATUS;Primitive Nation;Nation primitive;Primitive Nation;;;;;;;;;;;x,,,,,,
UNCIV_CANT_RESEARCH;Westernize to be able to research;L'occidentalisation est nécessaire pour la recherche;Verwestlichen, um Forschen zu können;;;;;;;;;;;x,,,,,
TB_NATIONALFOCUS_CULTURE;§Y$NUM$§W people of primary/accepted cultures give us §Y$FOCUS$§W focus points;§Y$NUM$§W de personnes de cultures primitives ou acceptées donnent §Y$FOCUS$§W point(s) de cause nationale;§Y$NUM$§W Menschen aus primären/akzeptierten Kulturen geben uns §Y$FOCUS$§W Fokuspunkte;;;;;;;;;;;x,,,,,,
OTHER_PORT;This is a naval base that we do not have access to;C'est une base navale à laquelle nous n'avons pas accès;Dies ist ein Marinestützpunkt, zu dem wir keinen Zugang haben;;;;;;;;;;;x,,,,,
MODIFIER_UNCIV_ECONOMIC_UH;Upper house support;Soutien de l'Assemblée;Unterstützung des Oberhauses;;;;;;;;;;;x,,,,,,
MODIFIER_UNCIV_MILITARY_UH;Upper house support;Soutien de l'Assemblée;Unterstützung des Oberhauses;;;;;;;;;;;x,,,,,,
MOVEMENT_RADICALISM_ADJUST;§Y$MOVEMENT$§! Radicalism: $AMOUNT$;§Y$MOVEMENT$§! du radicalisme : $AMOUNT$;§Y$MOVEMENT$§! Radikalismus: $AMOUNT$;;;;;;;;;;;x,,,,,,
MILITARY_REFORM_COST_DESC;Cost modifier for military reforms: ;Coût du modificateur pour les réformes militaires : ;Kostenmodifikator für militärische Reformen:;;;;;;;;;;;x,,,,,,
ECONOMIC_REFORM_COST_DESC;Cost modifier for economic reforms: ;Coût du modificateur pour les réformes économiques : ;Kostenmodifikator für wirtschaftliche Reformen:;;;;;;;;;;;x,,,,,,
MAPMODE_19;Civilization Level;Niveau de civilisation;Zivilisationsstufe;;;;;;;;;;;x,,,,,,
LOSE_CIVILIZED_EFFECT;We shall be known as an §YUncivilized Nation§W\n;Nous allons être considérés comme §Ynation non-civilisée§W\n;Man soll uns kennen als §YUnzivilisierte Nation§W\n;;;;;;;;;;;x,,,,,,
MOVEMENT_RADICALISM;Movement Radicalism;Mouvement radical;Radikalismus der Bewegung;;;;;;;;;;;x,,,,,,
MOVEMENT_RADICALISM_DESC;This describes how much the people of the movement trust the political process in your country to get them what they want. A movement with a high value (§Y100§!) will convert to a rebel uprising if not suppressed;Ceci décrit dans quelle mesure les gens de ce mouvement font confiance au processus politique pour obtenir ce qu'ils veulent dans votre pays. Un mouvement avec une valeur élevée (§Y100§!) se transformera en rébellion s'il n'est pas réprimé.;Dies beschreibt wie viel Vertrauen die Anhänger einer Bewegung und der Erfüllung ihrer Forderungen dem politischen Prozess in eurem Land entgegen bringen. Eine Bewegung mit einem hohen Wert (§Y100§!) wird in einen Rebellenaufstand enden, sofern sie nicht unterdrückt werden.;;;;;;;;;;;x,,,,,
NUMBER_MOVEMENT_SUPPORTERS;Number of supporters;Nombre de partisans;Anzahl der Anhänger;;;;;;;;;;;x,,,,,,
NUMBER_MOVEMENT_SUPPORTERS_DESC;The larger the movement the harder it is to suppress. If you enact a reform with less support all movements with more support will become more radical;Plus le mouvement est grand, plus il est difficile à réprimer. Si vous adoptez une réforme avec moins de soutien, tous les mouvements en ayant plus deviendront plus radicaux;Je größer die Bewegung, desto schwieriger ist es, sie zu unterdrücken. Wenn Ihr Reformen mit weniger Unterstützung verabschiedet, werden alle Bewegungen mit mehr Unterstützung radikaler;;;;;;;;;;;x,
PRODUCTION_CLOSE_FACTORY_BECAUSE_FOREIGN_TOOLTIP;Can not close foreign factory\n;Vous ne pouvez pas fermer une usine étrangère\n;Eine ausländische Fabrikanlage kann nicht geschlossen werden\n;;;;;;;;;;;x,,,,,,
CAN_NATIONALIZE;Have foreign investors;Avoir des investisseurs étrangers;Besitzt Investoren aus dem Ausland;;;;;;;;;;;x,,,,,,
IS_NOT_IN_A_SPHERE;Not in a sphere of influence;Pas dans une sphère d'influence;Nicht in einem Einflussbereich;;;;;;;;;;;x,,,,,,
ACTIVATE_TECH_EFFECT;Activate technology: §Y$NAME$§!;Activer la technologie §Y$NAME$§!;Technologie aktivieren: §Y$NAME$§!;;;;;;;;;;;x,,,,,,
TECHNOLOGYVIEW_NO_RESEARCH_UNCIV_TOOLTIP;High level technology is only available to civilized nations. By westernizing in the §Ypolitics tab§! you can aquire base technology and start researching on your own instead.;Les hauts niveaux de technologies ne sont accessibles qu'aux nations civilisées. En occidentalisant dans l'§Yonglet politique§!, vous pouvez obtenir la technologie de base et commencer à faire des recherches par vous-même.;Hochtechnologie ist nur für zivilisierte Nationen verfügbar. Indem Ihr im §Ypolitics tab§! verwestlicht, könnt Ihr Grundtechnologien erwerben und stattdessen selber beginnen zu forschen.;;;;;;;;;;;x,,,,
RELATION_BETWEEN;Current relation between $COUNTRY1$ and $COUNTRY2$: $RELATION$;Relation actuelle entre $COUNTRY1$ et $COUNTRY2$ : $RELATION$;Derzeitige Beziehungen zwischen $COUNTRY1$ und $COUNTRY2$: $RELATION$;;;;;;;;;;;x,,,,,,
ADD_RELATIVE_INCOME_EFFECT;Treasury: $VALUE$¤;Trésor :  $VALUE$ ¤;Schatzkammer: $VALUE$¤;;;;;;;;;;;x,,,,,,
CORRUPTION_LESS_THAN;Corruption less than ;Corruption inférieure à ;Korruption unter;;;;;;;;;;;x,,,,,,
CORRUPTION_MORE_THAN;Corruption more than ;Corruption supérieure à ;Korruption über;;;;;;;;;;;x,,,,,,
MOVEMENT_RADICALISM_FROM_SIZE;Population support: $VAL$ ;Soutien populaire : $VAL$ ;Unterstützung der Bevölkerung: $VAL$;;;;;;;;;;;x,,,,,,
LEADERSHIP;Leadership;Prééminence;Herrschaft;;;;;;;;;;;x,,,,,,
