austrian_form_south_german_confederation_title;The South German Confederation;La Confédération d'Allemagne du sud;Der Süddeutsche Bund;;La Confederación de Alemania del Sur;;;;;;;;;x;;,,,,,,,,,,,,,,,,,,,,,,,,,,,,,,,,,,,,,,,,,,,,,,,,,,,,,,,,,,,,,,,,,,,,,,,,,,,,,,,,
austrian_form_south_german_confederation_desc;While Germany was not united until the proclamation of the German Empire, following the Franco-Prussian war, rising nationalism in the 19th century had meant that unification had been on the cards long before that, with the Frankfurt assembly of 1848 being an important forerunner. By achieving a dominant position among the South German states, we can form the South German Confederation.;Il fallut attendre la proclamation de l'Empire allemand qui suivit la guerre franco-allemande pour assister à l'unification de l'Allemagne. Pourtant, avec la montée du nationalisme au XIXe siècle, l'unification aurait été possible bien avant cela, comme en témoigne l'assemblée de Francfort de 1848. En nous imposant dans les États du sud, nous formerons les États du sud de l'Allemagne.;Obwohl Deutschland bis zur Proklamation des Deutschen Kaiserreichs nach dem deutsch-französischen Krieg nicht geeint war, bedeutete der steigende Nationalismus des neunzehnten Jahrhunderts, dass eine Vereinigung schon seit langer Zeit geplant war. Ein wichtiges vorbereitendes Ereignis war die Frankfurter Nationalversammlung von 1848. Wenn wir uns eine dominierende Position unter den norddeutschen Staaten erarbeiten, können wir den Süddeutschen Bund gründen.;;Aunque Alemania no estuvo unida hasta la proclamación del Imperio Alemán, tras la guerra franco-prusiana, el nacionalismo emergente del siglo XIX puso de relieve que la unificación era inevitable. La asamblea de Frankfurt de 1848 supuso un importante precedente. Al alcanzar una posición dominante entre los estados germanos meridionales, podemos formar la Confederación de Alemania del Sur.;;;;;;;;;x;;,,,,,,,,,,,,,,,,,,,,,,,,,,,,,,,,,,,,,,,,,,,,,,,,,,,,,,,,,,,,,,,,,,
become_guatemala_title;Become Guatemala;Devient le Guatemala;Werden Sie Guatemala;;Convertirse en Guatemala;;;;;;;;x  ;,,,,,,,,,,,,,,,,,,,,,,,,,,,,,,,,,,,,,,,,,,,,,,,,,,,,,,,,,,,,,,,,,,,,,,,,,,,,,,,,
become_guatemala_desc;The dream of a united Central America has died. The other provinces were too concerned about being dominated by Guatemala to realise the sacrifices we had made to keep the union alive. Well no more. We are done with them. Guatemala will find its own destiny.;Le rêve d'une Amérique centrale unie a volé en éclats. Les autres provinces étaient trop inquiètes par une éventuelle domination du Guatemala pour comprendre les sacrifices concédés pour préserver l'union. Eh bien, voilà. On a en fini avec elles. Le Guatemala trouvera son propre destin.;Der Traum eines vereinigten Zentralamerikas ist tot. Die anderen Provinzen waren zu sehr mit der Dominanz Guatemalas beschäftigt, um sich der Opfer gewahr zu werden, die wir zur Beibehaltung der Union gebracht hatten. Jetzt ist es genug. Wir sind fertig mit ihnen. Guatemala wird seine eigenes Schicksal schmieden.;;El sueño de una América Central unida ha muerto. A las demás naciones les preocupaba demasiado la posición dominante de Guatemala como para comprender los sacrificios que hemos tenido que hacer para mantener la unión con vida. Pues se acabó. Que se vayan al Infierno. Guatemala buscará su propio camino.;;;;;;;;x  ;,,,,,,,,,,,,,,,,,,,,,,,,,,,,,,,,,,,,,,,,,,,,,,,,,,,,,,,,,,,,,,,,,,,,,,,,,,,,,
form_arabia_title; Arab unity;;;;;;x;;,,,,,,,,,,,,,,,,,,,,,,,,,,,,,,,,,,,,,,,,,,,,,,,,,,,,,,,,,,,,,,,,,,,,,,,,,,,,,,,,
form_arabia_desc;Brothers, freedom is here, we have won the battle for our destiny. Now the Arab people are on the way to resurrection!;Frères, la liberté est là, nous avons gagné la bataille pour notre destin. Désormais, les peuples arabes sont sur la voie de la résurrection !;Brüder, die Freiheit ist gekommen. Wir habem im Kampf um unser Schicksal den Sieg davon getragen. Nun sind die Menschen Arabiens auf dem Weg der Wiederauferstehung!;;;;;;;;;;;x,,,,,,,,,,,,,,,,,,,,,,,,,,,,,,,,,,,,,,,,,,,,,,,,,,,,,,,,,,,,,,,,,,,,,,,,,,
form_arab_union_title;Unite the Arabic Peoples;;;;;;;;;;;;;x,,,,,,,,,,,,,,,,,,,,,,,,,,,,,,,,,,,,,,,,,,,,,,,,,,,,,,,,,,,,,,,,,,,,,,,,,,,,,,,,;;;;;;;;;;;;;;;
form_arab_union_desc;A nation must arise to lead the Arab peoples of the world into the future, a greater power that would unite the Arab world from Morocco to the Mashriq.;;;;;;;;;;;;;x,,,,,,,,,,,,,,,,,,,,,,,,,,,,,,,,,,,,,,,,,,,,,,,,,,,,,,,,,,,,,,,,,,,,,,,,,,,,,,,;;;;;;;;;;;;;;;
form_baltic_states_title;Unite the Baltic States;;;;;;;;;;;;x,,,,,,,,,,,,,,,,,,,,,,,,,,,,,,,,,,,,,,,,,,,,,,,,,,,,,,,,,,,,,,,,,,,,,,,,,,,,,,,,;;;;;;;;;;;;;;;;
form_baltic_states_desc;The time has become to unite the Baltic nations under a single flag-- ours.;;;;;;;;;;;;x,,,,,,,,,,,,,,,,,,,,,,,,,,,,,,,,,,,,,,,,,,,,,,,,,,,,,,,,,,,,,,,,,,,,,,,,,,,,,,,,;;;;;;;;;;;;;;;;
form_baluchistan_title;Form Baluchistan;;;;;;;;;;;;;x,,,,,,,,,,,,,,,,,,,,,,,,,,,,,,,,,,,,,,,,,,,,,,,,,,,,,,,,,,,,,,,,,,,,,,,,,,,,,,,,;;;;;;;;;;;;;;;
form_baluchistan_desc;The Baluchi people must be liberated and united under a single flag-- ours.;;;;;;;;;;;;;x,,,,,,,,,,,,,,,,,,,,,,,,,,,,,,,,,,,,,,,,,,,,,,,,,,,,,,,,,,,,,,,,,,,,,,,,,,,,,,,,;;;;;;;;;;;;;;;
form_benelux_title;Form Benelux;Form Benelux;Form Benelux;;;;;;;;;;;;x;;;;;;;;;;;;;;,,,,,,,,,,,,,,,,,,,,,,,,,,,,,,,,,,,,,,,,,,,,,,,,,,,,,,,,,,,,,,,,,,,,,,,,,,,,,,,,
form_benelux_desc;While originally an economic union, there are certainly obvious benefits if we can take such union to another level, but it would require us complete control over the other states and a good position in the international community.;While originally an economic union, there are certainly obvious benefits if we can take such union to another level, but it would require us complete control over the other states and a good position in the international community.;While originally an economic union, there are certainly obvious benefits if we can take such union to another level, but it would require us complete control over the other states and a good position in the international community.;;;;;;;;;;;;x;;;;;;;;;;;;;,,,,,,,,,,,,,,,,,,,,,,,,,,,,,,,,,,,,,,,,,,,,,,,,,,,,,,,,,,,,,,,,,,,,,,,,,,
form_boer_federation_title;Form the Boer Federation;;;;;;x;;,,,,,,,,,,,,,,,,,,,,,,,,,,,,,,,,,,,,,,,,,,,,,,,,,,,,,,,,,,,,,,,,,,,,,,,,,,,,,,,,
form_boer_federation_desc;As we established a leading presence in South Africa with our independent state uniting all of the people who think of themselves as Boer. Long live the independence, long live the Boer Federation!;;;;;;x;;,,,,,,,,,,,,,,,,,,,,,,,,,,,,,,,,,,,,,,,,,,,,,,,,,,,,,,,,,,,,,,,,,,,,,,,,,,,,,,,
form_british_commonwealth_title;The British Commonwealth;;;;;;x,,,,,,,,,,,,,,,,,,,,,,,,,,,,,,,,,,,,,,,,,,,,,,,,,,,,,,,,,,,,,,,,,,,,,,,,,,,,,,,,
form_british_commonwealth_desc;By granting all our colonial subjects the same rights and privileges enjoyed by British nationals we would create a working intercontinental democracy.;;;;;;x,,,,,,,,,,,,,,,,,,,,,,,,,,,,,,,,,,,,,,,,,,,,,,,,,,,,,,,,,,,,,,,,,,,,,,,,,,,,,,,,
form_british_federation_title;The British Federation;;;;;;x,,,,,,,,,,,,,,,,,,,,,,,,,,,,,,,,,,,,,,,,,,,,,,,,,,,,,,,,,,,,,,,,,,,,,,,,,,,,,,,,
form_british_federation_desc;By granting all our white colonies the same rights and privileges as those enjoyed by British citizens and expanding direct political representation to these realms we could build the foundation of a long-lasting, intercontinental British superpower.;;;;;;x,,,,,,,,,,,,,,,,,,,,,,,,,,,,,,,,,,,,,,,,,,,,,,,,,,,,,,,,,,,,,,,,,,,,,,,,,,,,,,,
form_brittany_title;Nazi Brittany;;;;;;x,,,,,,,,,,,,,,,,,,,,,,,,,,,,,,,,,,,,,,,,,,,,,,,,,,,,,,,,,,,,,,,,,,,,,,,,,,,,,,,,
form_brittany_desc;Although Burgundy has been given independence, the Reich still directly administers land in northwest France. This creates a problem, as not only are we still dealing with the French resistance, the area is also cut off from Germany proper by Burgundy. By giving Brittany independence as a German protectorate, we can solve this issue just as we did Burgundy.;;;;;;x,,,,,,,,,,,,,,,,,,,,,,,,,,,,,,,,,,,,,,,,,,,,,,,,,,,,,,,,,,,,,,,,,,,,,,,,,,,,
form_burgundy_title;SS-Staat Burgund;;;;;;x,,,,,,,,,,,,,,,,,,,,,,,,,,,,,,,,,,,,,,,,,,,,,,,,,,,,,,,,,,,,,,,,,,,,,,,,,,,,,,,,
form_burgundy_desc;It is becoming increasingly clear that Germany will have trouble keeping the French Resistance down as well as keeping Himmler’s SS in line. In response, the fuhrer has given his blessing to the creation of the SS State of Burgundy as oft requested by Himmler, thus focusing Himmler’s attentions elsewhere and allowing Burgundy to deal with the Frenchmen.;;;;;;x,,,,,,,,,,,,,,,,,,,,,,,,,,,,,,,,,,,,,,,,,,,,,,,,,,,,,,,,,,,,,,,,,,,,,,,,,,,,,,
form_byzantine_empire_title;King of Kings, Ruler of Rulers;Le Roi des Roi;König der Könige, Herrscher der Herrscher;;Rey de reyes, gobernante de gobernantes;;;;;;;;;x,,,,,,,,,,,,,,,,,,,,,,,,,,,,,,,,,,,,,,,,,,,,,,,,,,,,,,,,,,,,,,,,,,,,,,,,,,,,,
form_byzantine_empire_desc;With the collapse of the Ottoman Empire, the Ottoman claims to Imperial Roman titles, so viciously and deceitfully wrought from Greek hands in the dark year of 1453, are all fast becoming fading memories. Constantinople, the City of Man's Desire, is again, after centuries of Turkish occupation, in Greek hands. As years and time passed again, again ours they were. Basileos, proclaim our Empire restored!;Avec la chute de l’Empire ottoman, les prétentions ottomanes sur les titres de la Rome impériale, arrachés des mains grecques par traitrise et fourberie en cette sombre année 1453, ne sont plus que des souvenirs oubliés. Constantinople, la ville des désirs d’un homme, est de nouveau grecque après des siècles d’occupation turque. Tandis que les années passaient, notre heure est revenue. Basileos, proclame notre empire restauré !;Durch den Zusammenbruch des osmanischen Reiches wird von den osmanischen Ansprüchen an kaiserlich-römische Titel, die man den Griechen im schwarzen Jahr 1453 so brutal und hinterlistig entrissen hatte, bald nicht mehr als schnell verblassende Erinnerungen übrig sein. Konstantinopel, die Stadt der sieben Hügel, ist nach Jahrhunderten türkischer Besetzung nun wieder in griechischen Händen. Basileos, proklamiere unser Reich als wiederhergestellt!;;Con el colapso del Imperio Otomano, las pretensiones de los turcos con respecto a los títulos imperiales romanos, tan cruel y maliciosamente arrebatadas de manos de los griegos en el sombrío año de 1453, están quedando relegadas a la condición de mero recuerdo. Constantinopla, la 'Ciudad del Deseo del Hombre', vuelve a estar, tras siglos de ocupación turca, en manos de los griegos. Han pasado muchos años, pero todo vuelve a su lugar. ¡Basileos, proclamad la restauración de nuestro imperio!;;;;;;;;;x,,,,,,,,,,,,,,,,,,,,,,,,,,,,,,,,,,,,,,,,,,,,,,,,,,
form_china_title;Become China;;;;;;;;;;;;;x,,,,,,,,,,,,,,,,,,,,,,,,,,,,,,,,,,,,,,,,,,,,,,,,,,,,,,,,,,,,,,,,,,,,,,,,,,,,,,,,;;;;;;;;;;;;;;;
form_china_desc;With the Qing dynasty deposed and Manchu domination finally ended, the time has come to unite all of China under a single flag.;;;;;;;;;;;;;x,,,,,,,,,,,,,,,,,,,,,,,,,,,,,,,,,,,,,,,,,,,,,,,,,,,,,,,,,,,,,,,,,,,,,,,,,,,,,,,;;;;;;;;;;;;;;;
form_czechoslovakia_title;Form Czechoslovakia;;;;;;;;;;;;;x,,,,,,,,,,,,,,,,,,,,,,,,,,,,,,,,,,,,,,,,,,,,,,,,,,,,,,,,,,,,,,,,,,,,,,,,,,,,,,,,;;;;;;;;;;;;;;;
form_czechoslovakia_desc;Bohemia and Slovakia cannot exist alone amidst the warring powers of Europe. We must unite under a single banner!;;;;;;;;;;;;;x,,,,,,,,,,,,,,,,,,,,,,,,,,,,,,,,,,,,,,,,,,,,,,,,,,,,,,,,,,,,,,,,,,,,,,,,,,,,,,,,;;;;;;;;;;;;;;;
form_danubia_title; Proclamation of the Federation of the Danube;;;;;;x;;,,,,,,,,,,,,,,,,,,,,,,,,,,,,,,,,,,,,,,,,,,,,,,,,,,,,,,,,,,,,,,,,,,,,,,,,,,,,,,,,
form_danubia_desc; Our great and mighty empire, but in recent years have been very strong centrifugal tendencies, because many people feel oppressed. To empire collapsed under its own weight, you need to take steps to decentralize the state apparatus and to find a compromise solution acceptable to all nations;;;;;;x;;,,,,,,,,,,,,,,,,,,,,,,,,,,,,,,,,,,,,,,,,,,,,,,,,,,,,,,,,,,,,,,,,,,,,,,,,,,,,,
form_ddr_title; Form the Deutsche Demokratische Republik;;;;;;x;;,,,,,,,,,,,,,,,,,,,,,,,,,,,,,,,,,,,,,,,,,,,,,,,,,,,,,,,,,,,,,,,,,,,,,,,,,,,,,,,,
form_ddr_desc;Let us hand over the German territories we control to out communist brothers in Germany.;;;;;;x;;,,,,,,,,,,,,,,,,,,,,,,,,,,,,,,,,,,,,,,,,,,,,,,,,,,,,,,,,,,,,,,,,,,,,,,,,,,,,,,,,
form_dravidistan_title;Form Dravidistan;;;;;;;;;;;;;x,,,,,,,,,,,,,,,,,,,,,,,,,,,,,,,,,,,,,,,,,,,,,,,,,,,,,,,,,,,,,,,,,,,,,,,,,,,,,,,,;;;;;;;;;;;;;;;
form_dravidistan_desc;We must unite the Dravidian people under a single flag, to better resist the Imperialists from incursions into India.;;;;;;;;;;;;;x,,,,,,,,,,,,,,,,,,,,,,,,,,,,,,,,,,,,,,,,,,,,,,,,,,,,,,,,,,,,,,,,,,,,,,,,,,,,,,,;;;;;;;;;;;;;;;
form_dravidistan2_title;Form Dravidistan;;;;;;;;;;;;;x,,,,,,,,,,,,,,,,,,,,,,,,,,,,,,,,,,,,,,,,,,,,,,,,,,,,,,,,,,,,,,,,,,,,,,,,,,,,,,,,;;;;;;;;;;;;;;;
form_dravidistan2_desc;We must unite the Dravidian people under a single flag, to better resist the Imperialists from incursions into India.;;;;;;;;;;;;;x,,,,,,,,,,,,,,,,,,,,,,,,,,,,,,,,,,,,,,,,,,,,,,,,,,,,,,,,,,,,,,,,,,,,,,,,,,,,,,,;;;;;;;;;;;;;;;
form_durrani_empire_title; revival of the Durrani Empire;;;;;;x;;,,,,,,,,,,,,,,,,,,,,,,,,,,,,,,,,,,,,,,,,,,,,,,,,,,,,,,,,,,,,,,,,,,,,,,,,,,,,,,,,
form_durrani_empire_desc; Although the empire created by Ahmad Shah, broke into pieces, a small emirate rulers Ganzi was once again unite the scattered tribes. New unifying force made the emerging capitalist class, who helped the governor to eliminate the rebel lords, for that matter, and the faithful. Today we proclaim the re-establishment of the Durrani Empire - the power that goes with the times.;;;;;;x;;,,,,,,,,,,,,,,,,,,,,,,,,,,,,,,,,,,,,,,,,,,,,,,,,,,,,,,,,,,,,,,,,,,,,,,,,,,,
form_france_title; Great Restoration;;;;;;x;;,,,,,,,,,,,,,,,,,,,,,,,,,,,,,,,,,,,,,,,,,,,,,,,,,,,,,,,,,,,,,,,,,,,,,,,,,,,,,,,,
form_france_desc; Tricolor again hung on all public buildings, and crowds of French people from all over the streets of the state updated. In the center of Paris, solemnly carried through a front standard. Viva la France!;;;;;;x;;,,,,,,,,,,,,,,,,,,,,,,,,,,,,,,,,,,,,,,,,,,,,,,,,,,,,,,,,,,,,,,,,,,,,,,,,,,,,,,
form_french_indochina_title;French Indochina;;;;;;;;;;;;;x,,,,,,,,,,,,,,,,,,,,,,,,,,,,,,,,,,,,,,,,,,,,,,,,,,,,,,,,,,,,,,,,,,,,,,,,,,,,,,,,;;;;;;;;;;;;;;;
form_french_indochina_desc;With the colonial government taking form in Saigon, French administrators have advised elevating the region to a full department-- clearly with eyes on expanding French colonial rule to neighbors in Southeast Asia.;;;;;;;;;;;;;x,,,,,,,,,,,,,,,,,,,,,,,,,,,,,,,,,,,,,,,,,,,,,,,,,,,,,,,,,,,,,,,,,,,,,,,,,,,,,,,;;;;;;;;;;;;;;;
form_FSA_title;Form the Free States of America;;;;;;;;;;;;;x,,,,,,,,,,,,,,,,,,,,,,,,,,,,,,,,,,,,,,,,,,,,,,,,,,,,,,,,,,,,,,,,,,,,,,,,,,,,,,,,;;;;;;;;;;;;;;;
form_FSA_desc;If the USA will not stand for truth and justice, then the FSA shall rise and take its place!;;;;;;;;;;;;;x,,,,,,,,,,,,,,,,,,,,,,,,,,,,,,,,,,,,,,,,,,,,,,,,,,,,,,,,,,,,,,,,,,,,,,,,,,,,,,,;;;;;;;;;;;;;;;
form_germany_title;Three Hurrahs For Germany!;Pour l'Allemagne, hip hip hip, hourra !;Ein dreifaches Hurra auf Deutschland!;;¡Tres hurras por Alemania!;;;;;;;;;x;;;;,,,,,,,,,,,,,,,,,,,,,,,,,,,,,,,,,,,,,,,,,,,,,,,,,,,,,,,,,,,,,,,,,,,,,,,,,,,,,,
form_germany_desc;By controlling, directly or indirectly, the manifold principalities, duchies and free cities that make up the German Nation, we can unite our people into one singular nation state. Three Hurrahs for the German Empire!;En contrôlant, directement ou indirectement, les multiples principautés, duchés et villes libres qui composent la nation allemande, nous nous unirons pour former un seul État-nation. Pour l'Empire allemand, hip hip hip, hourra !;Durch direkte oder indirekte Kontrolle der vielen Fürstentümer, Herzogtümer und freien Städte, aus denen das Deutsche Reich besteht, können wir unser Volk in einem einzelnen Staat vereinigen. Ein dreifaches Hurra auf das Deutsche Kaiserreich!;;Al controlar, de manera directa o indirecta, el sinfín de principados, ducados y ciudades libres que conforman la nación alemana, podemos unificar nuestro pueblo en un único estado. ¡Tres hurras por el Imperio Alemán!;;;;;;;;;x;;;;,,,,,,,,,,,,,,,,,,,,,,,,,,,,,,,,,,,,,,,,,,,,,,,,,,,,,,,,,,,,,,,
form_germany_AUS_title;Three Hurrahs For Germany!;Pour l'Allemagne, hip hip hip, hourra !;Ein dreifaches Hurra auf Deutschland!;;;;;;;;;;;;x;;;;;;;;;;;;;;,,,,,,,,,,,,,,,,,,,,,,,,,,,,,,,,,,,,,,,,,,,,,,,,,,,,,,,,,,,,,,,,,,,,,,,,,,,,,,
form_germany_AUS_desc;The great empire of the Habsburgs no longer exists, but the unification of Germany under Austrian leadership, as perhaps it was always meant to be, still awaits us. Long live the German Empire, one people ruled from the great city of Vienna!;;;;;;;;;;;;;;x,,,,,,,,,,,,,,,,,,,,,,,,,,,,,,,,,,,,,,,,,,,,,,,,,,,,,,,,,,,,,,,,,,,,,,,,,,,,;;;;;;;;;;;;;;
form_gran_colombia_title;Form Gran Colombia;Formez la Grande Colombie;Gründe Großkolumbien;;Forme Gran Colombia;;;;;;;;;x,,,,,,,,,,,,,,,,,,,,,,,,,,,,,,,,,,,,,,,,,,,,,,,,,,,,,,,,,,,,,,,,,,,,,,,,,,,,,,,,
form_gran_colombia_desc;Gran Colombia was a political federation established in South America in the wake of Simon Bolivar's successful liberation of the territories of Colombia, Venezuela, and Ecuador from Spanish rule. The federation broke apart in 1831. We are in a position to re-unite the North Andean peoples once more if we proclaim a new Gran Colombia.;La Grande Colombie était une fédération politique établie en Amérique du Sud dans le sillage de la libération des territoires de la Colombie, du Venezuela et de l'Equateur de la domination espagnole, réussie par Simon Bolivar. La fédération s'est disloqué en 1831. Nous sommes en mesure de réunir à nouveau les peuples du nord des Andes, si nous proclamons une nouvelle Grande Colombie.;Großkolumbien war eine politische Föderation in Südamerika, die im Zuge der Spanischen Befreiung Südamerikars durch Simon Bolivar die Gebiete von Kolumbien, Venezuela, Ecuador und Gebiete von Peru und Guyana umfasste. Die Föderation zerbrach im Jahre 1831. Wir sind nun in der Lage, die Nord-Andischen Völker unter dem Banner Großkolumbiens wiederzuvereinen.;;;;;;;;;;;x,,,,,,,,,,,,,,,,,,,,,,,,,,,,,,,,,,,,,,,,,,,,,,,,,,,,,,,,,,,,,,,,,,,,,,,
form_hindustan_title;Form Hindustan;;;;;;;;;;;;;x,,,,,,,,,,,,,,,,,,,,,,,,,,,,,,,,,,,,,,,,,,,,,,,,,,,,,,,,,,,,,,,,,,,,,,,,,,,,,,,,;;;;;;;;;;;;;;;
form_hindustan_desc;We must unite the people of Hindustan under a single flag, to better resist the Imperialists from incursions into India.;;;;;;;;;;;;;x,,,,,,,,,,,,,,,,,,,,,,,,,,,,,,,,,,,,,,,,,,,,,,,,,,,,,,,,,,,,,,,,,,,,,,,,,,,,,,,;;;;;;;;;;;;;;;
form_hindustan2_title;Form Hindustan;;;;;;;;;;;;;x,,,,,,,,,,,,,,,,,,,,,,,,,,,,,,,,,,,,,,,,,,,,,,,,,,,,,,,,,,,,,,,,,,,,,,,,,,,,,,,,;;;;;;;;;;;;;;;
form_hindustan2_desc;We must unite the people of Hindustan under a single flag, to better resist the Imperialists from incursions into India.;;;;;;;;;;;;;x,,,,,,,,,,,,,,,,,,,,,,,,,,,,,,,,,,,,,,,,,,,,,,,,,,,,,,,,,,,,,,,,,,,,,,,,,,,,,,,;;;;;;;;;;;;;;;
form_hre_title;Unite the Empire;;;;;;x;;,,,,,,,,,,,,,,,,,,,,,,,,,,,,,,,,,,,,,,,,,,,,,,,,,,,,,,,,,,,,,,,,,,,,,,,,,,,,,,,,
form_hre_desc;With all the German states under our control we are in a position to transform the Holy Roman Empire into a centralised nation.;;;;;;x;;,,,,,,,,,,,,,,,,,,,,,,,,,,,,,,,,,,,,,,,,,,,,,,,,,,,,,,,,,,,,,,,,,,,,,,,,,,,,,,,,
form_iberia_spa_title;Form Iberia!;;;;;;x;;,,,,,,,,,,,,,,,,,,,,,,,,,,,,,,,,,,,,,,,,,,,,,,,,,,,,,,,,,,,,,,,,,,,,,,,,,,,,,,,,
form_iberia_spa_desc;For many years the Iberian peninsula was divided by two nations, with another one occupying its most southern part, but we changed that and united the Iberian nations into one and we shall  remain so, the great power of Europe in the most western part of the continent.;;;;;;x;;,,,,,,,,,,,,,,,,,,,,,,,,,,,,,,,,,,,,,,,,,,,,,,,,,,,,,,,,,,,,,,,,,,,,,,,,,,,,,
form_iberia_por_title;Form Iberia!;;;;;;x;;,,,,,,,,,,,,,,,,,,,,,,,,,,,,,,,,,,,,,,,,,,,,,,,,,,,,,,,,,,,,,,,,,,,,,,,,,,,,,,,,
form_iberia_por_desc;For many years the Iberian peninsula was divided by two nations, with another one occupying its most southern part, but we changed that and united the Iberian nations into one and we shall  remain so, the great power of Europe in the most western part of the continent.;;;;;;x;;,,,,,,,,,,,,,,,,,,,,,,,,,,,,,,,,,,,,,,,,,,,,,,,,,,,,,,,,,,,,,,,,,,,,,,,,,,,,,
form_india_title;Form India;;;;;;;;;;;;;x,,,,,,,,,,,,,,,,,,,,,,,,,,,,,,,,,,,,,,,,,,,,,,,,,,,,,,,,,,,,,,,,,,,,,,,,,,,,,,,,;;;;;;;;;;;;;;;
form_india_desc;The peoples of the Indian sub-continent must be united under a single banner: ours. It is the only way to keep us free of rule from European powers.;;;;;;;;;;;;;x,,,,,,,,,,,,,,,,,,,,,,,,,,,,,,,,,,,,,,,,,,,,,,,,,,,,,,,,,,,,,,,,,,,,,,,,,,,,,,,,;;;;;;;;;;;;;;;
form_indonesia_title; Establish Indonesia;;;;;;x;;,,,,,,,,,,,,,,,,,,,,,,,,,,,,,,,,,,,,,,,,,,,,,,,,,,,,,,,,,,,,,,,,,,,,,,,,,,,,,,,,
form_indonesia_desc; After the liberation of the East Indies from the Dutch rule immediately threatened by the United Kingdom, Portugal and Japan, and the decrepit Qing Empire was not against easy prey. To maintain its independence, the small island Asians have created a single state - Indonesia.;;;;;;x;;,,,,,,,,,,,,,,,,,,,,,,,,,,,,,,,,,,,,,,,,,,,,,,,,,,,,,,,,,,,,,,,,,,,,,,,,,,,,,
form_israel_title;The Balfour Declaration;La déclaration Balfour;Die Balfour-Deklaration;;La declaración Balfour;;;;;;;;x,,,,,,,,,,,,,,,,,,,,,,,,,,,,,,,,,,,,,,,,,,,,,,,,,,,,,,,,,,,,,,,,,,,,,,,,,,,,,,,,
form_israel_desc;His Majesty's government view with favour the establishment in Palestine of a national home for the Jewish people, and will use their best endeavours to facilitate the achievement of this object...'\n\nSince we exert a significant influence in Judea and the Levant, the ancient birthplaces of the Jewish Nation, we can issue a declaration expressing our favorable attitude toward the establishment of a national home for the Jewish people there.;« Le gouvernement de Sa Majesté voit favorablement l’établissement en Palestine d’un territoire national pour le peuple juif, et mettra tout en œuvre pour faciliter la réalisation de cet objectif…\n\nDans la mesure où nous exerçons une influence non négligeable en Judée et au Levant, régions antiques qui virent la naissance de la nation juive, par cette déclaration, nous proclamons notre attitude favorable à l'établissement d'un territoire national pour le peuple juif dans cette région.;Ihrer Majestät Regierung sieht die Etablierung Palästinas als nationale Heimat des jüdischen Volkes wohlwollend, und wird ihr Möglichstes tun, um das Erreichen dieses Ziel zu fördern ...'\n\nDa wir in Judäa und der Levante, den uralten Geburtsstätten der jüdischen Nation, bedeutenden Einfluss haben, können wir unsere Befürwortung der dortigen Etablierung einer nationalen Heimat für das jüdische Volk deklarieren.;;El gobierno de Su Majestad ve con buenos ojos el establecimiento en Palestina de una patria para el pueblo judío y no escatimará esfuerzos para asegurarse de que se alcanza este objetivo...\n\nDada la influencia que ejercemos en Judea y el Levante, hogares ancestrales de la nación judía, podríamos emitir una declaración en la que se exprese nuestra actitud favorable al establecimiento allí de una patria para el pueblo judío.;;;;;;;;x,,,,,,,,,,,,,,,,,,,,,,,,,,,,,,,,,,,,,,,,,,,,,,,,,,,,,,,,,,,,,,,,,,
form_italy_title;Avanti Italia!;Avanti Italia !;Avanti Italia!;;Avanti Italia!;;;;;;;;;x;;;;,,,,,,,,,,,,,,,,,,,,,,,,,,,,,,,,,,,,,,,,,,,,,,,,,,,,,,,,,,,,,,,,,,,,,,,,,,,,,,,,
form_italy_desc;By establishing a dominant position on the Italian peninsula, we can secure a national homeland for our people by proclaiming ourselves the motive power of a unified Italian state.;Grâce à l'établissement d'une position dominante sur la péninsule italienne, nous formerons une patrie pour notre peuple en nous proclamant la force motrice d'un État italien unifié.;Durch die Absicherung einer dominanten Position auf der italienischen Halbinsel können wir unserem Volk eine nationale Heimat geben, indem wir uns als treibende Kraft für eine vereinigte italienische Nation proklamieren.;;Al establecer una posición dominante en la península italiana, podemos garantizarle a nuestro pueblo una patria nacional con fronteras seguras y convertirnos en el germen de un estado italiano unificado.;;;;;;;;;x;;;;,,,,,,,,,,,,,,,,,,,,,,,,,,,,,,,,,,,,,,,,,,,,,,,,,,,,,,,,,,,,,,,,,,,,,,,,,,,,
form_laos_title;Form Laos;;;;;;;;;;;;;;x;,,,,,,,,,,,,,,,,,,,,,,,,,,,,,,,,,,,,,,,,,,,,,,,,,,,,,,,,,,,,,,,,,,,,,,,,,,,,,,,,;;;;;;;;;;;;;
form_laos_desc;We must unite the Lao people under a single flag-- ours.;;;;;;;;;;;;;;x;,,,,,,,,,,,,,,,,,,,,,,,,,,,,,,,,,,,,,,,,,,,,,,,,,,,,,,,,,,,,,,,,,,,,,,,,,,,,,,,,;;;;;;;;;;;;;
form_la_plata_title; restore the state of La Plata;;;;;;x;;,,,,,,,,,,,,,,,,,,,,,,,,,,,,,,,,,,,,,,,,,,,,,,,,,,,,,,,,,,,,,,,,,,,,,,,,,,,,,,,,
form_la_plata_desc; Freed from colonial oppression, the Argentines were separated by the boundaries of several states because of the ambition of those in power, but today they are destined to again become one people, by which the La Plata will take its rightful place in the world.;;;;;;x;;,,,,,,,,,,,,,,,,,,,,,,,,,,,,,,,,,,,,,,,,,,,,,,,,,,,,,,,,,,,,,,,,,,,,,,,,,,,,,
form_maghreb_title;Unite the Maghreb;;;;;;;;;;;;;x,,,,,,,,,,,,,,,,,,,,,,,,,,,,,,,,,,,,,,,,,,,,,,,,,,,,,,,,,,,,,,,,,,,,,,,,,,,,,,,,;;;;;;;;;;;;;;;
form_maghreb_desc;The Maghrebi cultures of western Africa must be united under a single flag, an Arab nation mighty enough to shake the world order to its foundations.;;;;;;;;;;;;;x,,,,,,,,,,,,,,,,,,,,,,,,,,,,,,,,,,,,,,,,,,,,,,,,,,,,,,,,,,,,,,,,,,,,,,,,,,,,,,,;;;;;;;;;;;;;;;
form_marathas_title;Form Marathas;;;;;;;;;;;;;x,,,,,,,,,,,,,,,,,,,,,,,,,,,,,,,,,,,,,,,,,,,,,,,,,,,,,,,,,,,,,,,,,,,,,,,,,,,,,,,,;;;;;;;;;;;;;;;
form_marathas_desc;The Maratha Empire was once the greatest force upon the Indian subcontinent. The time has come for it to rise once more!;;;;;;;;;;;;;x,,,,,,,,,,,,,,,,,,,,,,,,,,,,,,,,,,,,,,,,,,,,,,,,,,,,,,,,,,,,,,,,,,,,,,,,,,,,,,,,;;;;;;;;;;;;;;;
form_marathas2_title;Form Marathas;;;;;;;;;;;;;x,,,,,,,,,,,,,,,,,,,,,,,,,,,,,,,,,,,,,,,,,,,,,,,,,,,,,,,,,,,,,,,,,,,,,,,,,,,,,,,,;;;;;;;;;;;;;;;
form_marathas2_desc;The Maratha Empire was once the greatest force upon the Indian subcontinent. The time has come for it to rise once more!;;;;;;;;;;;;;x,,,,,,,,,,,,,,,,,,,,,,,,,,,,,,,,,,,,,,,,,,,,,,,,,,,,,,,,,,,,,,,,,,,,,,,,,,,,,,,,;;;;;;;;;;;;;;;
form_north_german_confederation_title;The North German Confederation;La Confédération d'Allemagne du nord;Der Norddeutsche Bund;;La Confederación de Alemania del Norte;;;;;;;;;x,,,,,,,,,,,,,,,,,,,,,,,,,,,,,,,,,,,,,,,,,,,,,,,,,,,,,,,,,,,,,,,,,,,,,,,,,,,,,,,,
form_north_german_confederation2_title;Call for German Unity;;;;;;;;;;;;;x,,,,,,,,,,,,,,,,,,,,,,,,,,,,,,,,,,,,,,,,,,,,,,,,,,,,,,,,,,,,,,,,,,,,,,,,,,,,,,,,;;;;;;;;;;;;;;;
form_north_german_confederation_desc;While Germany was not united until the proclamation of the German Empire following the Franco-Prussian war, rising nationalism in the 19th century had meant that unification had been on the cards long before that, with the Frankfurt assembly of 1848 being an important forerunner. By achieving a dominant position among the North German states, we can form the North German Confederation.;Il fallut attendre la proclamation de l'Empire allemand qui suivit la guerre franco-allemande pour assister à l'unification de l'Allemagne. Pourtant, avec la montée du nationalisme au XIXe siècle, l'unification aurait été possible bien avant cela, comme en témoigne l'assemblée de Francfort de 1848. Dans les années 1860, la Prusse et l'Autriche, qui se disputaient la position dominante au sein d'une grande Allemagne, formèrent chacune leur propre confédération d'États allemands : les États du sud de l'Allemagne et la Confédération de l'Allemagne du nord. En nous imposant dans les États du nord, nous formerons la Confédération de l'Allemagne du nord.;Obwohl Deutschland bis zur Proklamation des Deutschen Kaiserreichs nach dem deutsch-französischen Krieg nicht geeint war, bedeutete der steigende Nationalismus des neunzehnten Jahrhunderts, dass eine Vereinigung schon seit langer Zeit geplant war. Ein wichtiges vorbereitendes Ereignis war die Frankfurter Nationalversammlung von 1848. Während der 1860er Jahre wetteiferten Preußen und Österreich, die beiden größten deutschsprachigen Mächte, hauptsächlich um die Vormachtstellung im Großdeutschen Reich. Jedes der beiden Länder gründete seine eigene Konföderation deutscher Staaten: Den Süddeutschen bzw. Norddeutschen Bund. Wenn wir uns eine dominierende Position unter den norddeutschen Staaten erarbeiten, können wir den Norddeutschen Bund gründen.;;Aunque Alemania no estuvo unida hasta la proclamación del Imperio Alemán tras la Guerra Franco-Prusiana, el creciente nacionalismo del siglo XIX supuso la unificación que se había estado barajando desde hacía largo tiempo, siendo el Parlamento de Fráncfort de 1848 un importante precursor. Al lograr una posición dominante en los estados del norte de Alemania, podemos formar la Confederación de Alemania del Norte.;;;;;;;;;x,,,,,,,,,,,,,,,,,,,,,,,,,,,,,,,,,,,,,,,,,,,,,,,,,,,,,,,,,,,,,,
form_north_german_confederation2_desc;The conditions may be less than ideal, but in order to maintain national security and strive towards North German hegemony, we must approach our North German allies and create a confederation. Only with a united front, under a single flag, may we succeed!;;;;;;;;;;;;;x,,,,,,,,,,,,,,,,,,,,,,,,,,,,,,,,,,,,,,,,,,,,,,,,,,,,,,,,,,,,,,,,,,,,,,,,,,,,;;;;;;;;;;;;;;;
form_rajputana_title;Form Rajputana;;;;;;;;;;;;;x,,,,,,,,,,,,,,,,,,,,,,,,,,,,,,,,,,,,,,,,,,,,,,,,,,,,,,,,,,,,,,,,,,,,,,,,,,,,,,,,;;;;;;;;;;;;;;;
form_rajputana_desc;We must unite the Rajput people under a single flag, to better resist the Imperialists from incursions into India.;;;;;;;;;;;;;x,,,,,,,,,,,,,,,,,,,,,,,,,,,,,,,,,,,,,,,,,,,,,,,,,,,,,,,,,,,,,,,,,,,,,,,,,,,,,,,;;;;;;;;;;;;;;;
form_rajputana_outside_title;Form the Raj;;;;;;;;;;;;;x,,,,,,,,,,,,,,,,,,,,,,,,,,,,,,,,,,,,,,,,,,,,,,,,,,,,,,,,,,,,,,,,,,,,,,,,,,,,,,,,;;;;;;;;;;;;;;;
form_rajputana_outside_desc;The Rajput states must be collected into a single state, one which will far better serve our needs as a stronger ally.;;;;;;;;;;;;;x,,,,,,,,,,,,,,,,,,,,,,,,,,,,,,,,,,,,,,,,,,,,,,,,,,,,,,,,,,,,,,,,,,,,,,,,,,,,,,,;;;;;;;;;;;;;;;
form_saudi_arabia_title;Form Arabia;;;;;;;;;;;;;x,,,,,,,,,,,,,,,,,,,,,,,,,,,,,,,,,,,,,,,,,,,,,,,,,,,,,,,,,,,,,,,,,,,,,,,,,,,,,,,,;;;;;;;;;;;;;;;
form_saudi_arabia_desc;A united arab nation under our rule will make a strong and stable ally.;;;;;;;;;;;;;x,,,,,,,,,,,,,,,,,,,,,,,,,,,,,,,,,,,,,,,,,,,,,,,,,,,,,,,,,,,,,,,,,,,,,,,,,,,,,,,,;;;;;;;;;;;;;;;
form_scandinavia_title;För Brödrafolkens Väl!;För Brödrafolkens Väl !;För Brödrafolkens Väl!;;För Brödrafolkens Väl!;;;;;;;;;x;;;;,,,,,,,,,,,,,,,,,,,,,,,,,,,,,,,,,,,,,,,,,,,,,,,,,,,,,,,,,,,,,,,,,,,,,,,,,,,,,,,,
form_scandinavia_desc;By reaching a dominant position in Scandinavia, we can unite the Scandinavian peoples under one banner. We must, in order to do this, have the entirety of the traditional Scandinavia either within our realm, or in our Sphere of Influence. For the good of the brother peoples!;Grâce à l'établissement d'une position dominante en Scandinavie, nous pourrons unir les Scandinaves sous une seule et même bannière. Pour cela, nous devons avoir l'intégralité de la Scandinavie traditionnelle au sein de notre royaume ou dans notre sphère d'influence. Pour le bien des peuples frères !;Durch die Absicherung einer dominanten Position in Skandinavien können wir die skandinavischen Völker unter einem Banner vereinigen. Um dies zu erreichen, müssen wir das gesamte Gebiet des traditionellen Skandinaviens entweder innerhalb unseres Reiches oder innerhalb unserer Einflusssphäre haben. Zum Wohle der Brudervölker!;;Al establecer una posición dominante en Escandinavia, podemos unir a todos los pueblos escandinavos bajo una sola bandera. Para conseguirlo, toda la Escandinavia tradicional debe quedar dentro de nuestro reino o en nuestra esfera de influencia. ¡Por el bien de los pueblos hermanos!;;;;;;;;;x;;;;,,,,,,,,,,,,,,,,,,,,,,,,,,,,,,,,,,,,,,,,,,,,,,,,,,,,,,,,,,,,,,,,,,,,,,,
form_slavic_union_title;Form the Slavic Union;;;;;;x;;,,,,,,,,,,,,,,,,,,,,,,,,,,,,,,,,,,,,,,,,,,,,,,,,,,,,,,,,,,,,,,,,,,,,,,,,,,,,,,,,
form_slavic_union_desc;We have reached a dominant position among our Slavic bretheren, and it is time to lead our people to a new age of glory under the flag of all Slavs.;;;;;;x;;,,,,,,,,,,,,,,,,,,,,,,,,,,,,,,,,,,,,,,,,,,,,,,,,,,,,,,,,,,,,,,,,,,,,,,,,,,,,,,,
form_south_africa_title;Form South Africa;;;;;;;;;;;;x,,,,,,,,,,,,,,,,,,,,,,,,,,,,,,,,,,,,,,,,,,,,,,,,,,,,,,,,,,,,,,,,,,,,,,,,,,,,,,,,;;;;;;;;;;;;;;;;
form_south_africa_desc;With the Cape Colony under our control we can form a true, united Boer republic-- one that at last will keep us from foreign domination and British rule.;;;;;;;;;;;;x,,,,,,,,,,,,,,,,,,,,,,,,,,,,,,,,,,,,,,,,,,,,,,,,,,,,,,,,,,,,,,,,,,,,,,,,,,,,,,,;;;;;;;;;;;;;;;;
form_south_german_confederation_title;The South German Confederation;La Confédération d'Allemagne du sud;Der Süddeutsche Bund;;La Confederación de Alemania del Sur;;;;;;;;;x,,,,,,,,,,,,,,,,,,,,,,,,,,,,,,,,,,,,,,,,,,,,,,,,,,,,,,,,,,,,,,,,,,,,,,,,,,,,,,,,
form_south_german_confederation2_title;Call for German Unity;;;;;;;;;;;;;x,,,,,,,,,,,,,,,,,,,,,,,,,,,,,,,,,,,,,,,,,,,,,,,,,,,,,,,,,,,,,,,,,,,,,,,,,,,,,,,,;;;;;;;;;;;;;;;
form_south_german_confederation_desc;While Germany was not united until the proclamation of the German Empire, following the Franco-Prussian war, rising nationalism in the 19th century had meant that unification had been on the cards long before that, with the Frankfurt assembly of 1848 being an important forerunner. By achieving a dominant position among the South German states, we can form the South German Confederation.;Il fallut attendre la proclamation de l'Empire allemand qui suivit la guerre franco-allemande pour assister à l'unification de l'Allemagne. Pourtant, avec la montée du nationalisme au XIXe siècle, l'unification aurait été possible bien avant cela, comme en témoigne l'assemblée de Francfort de 1848. Dans les années 1860, la Prusse et l'Autriche, qui se disputaient la position dominante au sein d'une grande Allemagne, formèrent chacune leur propre confédération d'États allemands : les États du sud de l'Allemagne et la Confédération de l'Allemagne du nord. En nous imposant dans les États du sud, nous formerons les États du sud de l'Allemagne.;Obwohl Deutschland bis zur Proklamation des Deutschen Kaiserreichs nach dem deutsch-französischen Krieg nicht geeint war, bedeutete der steigende Nationalismus des neunzehnten Jahrhunderts, dass eine Vereinigung schon seit langer Zeit geplant war. Ein wichtiges vorbereitendes Ereignis war die Frankfurter Nationalversammlung von 1848. Während der 1860er Jahre wetteiferten Preußen und Österreich, die beiden größten deutschsprachigen Mächte, hauptsächlich um die Vormachtstellung im Großdeutschen Reich. Jedes der beiden Länder gründete seine eigene Konföderation deutscher Staaten: Den Süddeutschen bzw. Norddeutschen Bund. Wenn wir uns eine dominierende Position unter den norddeutschen Staaten erarbeiten, können wir den Süddeutschen Bund gründen.;;Aunque Alemania no estuvo unida hasta la proclamación del Imperio Alemán tras la Guerra Franco-Prusiana, el creciente nacionalismo del siglo XIX supuso la unificación que se había estado barajando desde hacía largo tiempo, siendo el Parlamento de Fráncfort de 1848 un importante precursor. Al lograr una posición dominante en los estados del sur de Alemania, podemos formar la Confederación de Alemania del Sur.;;;;;;;;;x,,,,,,,,,,,,,,,,,,,,,,,,,,,,,,,,,,,,,,,,,,,,,,,,,,,,,,,,,,,,,
form_south_german_confederation2_desc;The conditions may be less than ideal, but in order to maintain national security and strive towards South German hegemony, we must approach our South German allies and create a confederation. Only with a united front, under a single flag, may we succeed!;;;;;;;;;;;;;x,,,,,,,,,,,,,,,,,,,,,,,,,,,,,,,,,,,,,,,,,,,,,,,,,,,,,,,,,,,,,,,,,,,,,,,,,,,,;;;;;;;;;;;;;;;
forming_thirteen_colonies_1_title;Create the Colony of America;;;;;;x;;,,,,,,,,,,,,,,,,,,,,,,,,,,,,,,,,,,,,,,,,,,,,,,,,,,,,,,,,,,,,,,,,,,,,,,,,,,,,,,,,
forming_thirteen_colonies_1_desc;As we seizes our first larger colonies in the New World we realized that fully controlling these large populations from Europe is nearly impossible so we should choose an easier approach and select governors to rule our colonies with our leadership of course.;;;;;;x;;,,,,,,,,,,,,,,,,,,,,,,,,,,,,,,,,,,,,,,,,,,,,,,,,,,,,,,,,,,,,,,,,,,,,,,,,,,,,,,,,
forming_thirteen_colonies_2_title;Ceding Georgia to Colonial Leadership;;;;;;x;;,,,,,,,,,,,,,,,,,,,,,,,,,,,,,,,,,,,,,,,,,,,,,,,,,,,,,,,,,,,,,,,,,,,,,,,,,,,,,,,,
forming_thirteen_colonies_2_desc;As we colonized the province that we named Georgia we should cede it to our stabilized and functional colonial government with its Virginian capital.;;;;;;x;;,,,,,,,,,,,,,,,,,,,,,,,,,,,,,,,,,,,,,,,,,,,,,,,,,,,,,,,,,,,,,,,,,,,,,,,,,,,,,,,,
forming_thirteen_colonies_3_title;Ceding North Carolina to Colonial Leadership;;;;;;x;;,,,,,,,,,,,,,,,,,,,,,,,,,,,,,,,,,,,,,,,,,,,,,,,,,,,,,,,,,,,,,,,,,,,,,,,,,,,,,,,,
forming_thirteen_colonies_3_desc;As we colonized the northern part of the province that we named Carolina we should cede it to our stabilized and functional colonial government with its Virginian capital.;;;;;;x;;,,,,,,,,,,,,,,,,,,,,,,,,,,,,,,,,,,,,,,,,,,,,,,,,,,,,,,,,,,,,,,,,,,,,,,,,,,,,,,,,
forming_thirteen_colonies_4_title;Ceding West Virginia to Colonial Leadership;;;;;;x;;,,,,,,,,,,,,,,,,,,,,,,,,,,,,,,,,,,,,,,,,,,,,,,,,,,,,,,,,,,,,,,,,,,,,,,,,,,,,,,,,
forming_thirteen_colonies_4_desc;As we colonized the western part of Virginiawe should cede it to our stabilized and functional colonial government with its Virginian capital.;;;;;;x;;,,,,,,,,,,,,,,,,,,,,,,,,,,,,,,,,,,,,,,,,,,,,,,,,,,,,,,,,,,,,,,,,,,,,,,,,,,,,,,,,
forming_thirteen_colonies_5_title;Ceding Maryland to Colonial Leadership;;;;;;x;;,,,,,,,,,,,,,,,,,,,,,,,,,,,,,,,,,,,,,,,,,,,,,,,,,,,,,,,,,,,,,,,,,,,,,,,,,,,,,,,,
forming_thirteen_colonies_5_desc;As we colonized the province that we named Maryland we should cede it to our stabilized and functional colonial government with its Virginian capital.;;;;;;x;;,,,,,,,,,,,,,,,,,,,,,,,,,,,,,,,,,,,,,,,,,,,,,,,,,,,,,,,,,,,,,,,,,,,,,,,,,,,,,,,,
forming_thirteen_colonies_6_title;Ceding Pennsylvania to Colonial Leadership;;;;;;x;;,,,,,,,,,,,,,,,,,,,,,,,,,,,,,,,,,,,,,,,,,,,,,,,,,,,,,,,,,,,,,,,,,,,,,,,,,,,,,,,,
forming_thirteen_colonies_6_desc;As we colonized the province that we named Pennsylvania we should cede it to our stabilized and functional colonial government with its Virginian capital.;;;;;;x;;,,,,,,,,,,,,,,,,,,,,,,,,,,,,,,,,,,,,,,,,,,,,,,,,,,,,,,,,,,,,,,,,,,,,,,,,,,,,,,,,
forming_thirteen_colonies_7_title;Ceding New Jersey to Colonial Leadership;;;;;;x;;,,,,,,,,,,,,,,,,,,,,,,,,,,,,,,,,,,,,,,,,,,,,,,,,,,,,,,,,,,,,,,,,,,,,,,,,,,,,,,,,
forming_thirteen_colonies_7_desc;As we colonized the province that we named New Jersey we should cede it to our stabilized and functional colonial government with its Virginian capital.;;;;;;x;;,,,,,,,,,,,,,,,,,,,,,,,,,,,,,,,,,,,,,,,,,,,,,,,,,,,,,,,,,,,,,,,,,,,,,,,,,,,,,,,,
forming_thirteen_colonies_8_title;Ceding New York to Colonial Leadership;;;;;;x;;,,,,,,,,,,,,,,,,,,,,,,,,,,,,,,,,,,,,,,,,,,,,,,,,,,,,,,,,,,,,,,,,,,,,,,,,,,,,,,,,
forming_thirteen_colonies_8_desc;As we colonized the province that we named New York we should cede it to our stabilized and functional colonial government with its Virginian capital.;;;;;;x;;,,,,,,,,,,,,,,,,,,,,,,,,,,,,,,,,,,,,,,,,,,,,,,,,,,,,,,,,,,,,,,,,,,,,,,,,,,,,,,,,
forming_thirteen_colonies_9_title;Ceding Massachusetts to Colonial Leadership;;;;;;x;;,,,,,,,,,,,,,,,,,,,,,,,,,,,,,,,,,,,,,,,,,,,,,,,,,,,,,,,,,,,,,,,,,,,,,,,,,,,,,,,,
forming_thirteen_colonies_9_desc;As we colonized the province that we named Massachusetts we should cede it to our stabilized and functional colonial government with its Virginian capital.;;;;;;x;;,,,,,,,,,,,,,,,,,,,,,,,,,,,,,,,,,,,,,,,,,,,,,,,,,,,,,,,,,,,,,,,,,,,,,,,,,,,,,,,,
forming_thirteen_colonies_10_title;Ceding New England to Colonial Leadership;;;;;;x;;,,,,,,,,,,,,,,,,,,,,,,,,,,,,,,,,,,,,,,,,,,,,,,,,,,,,,,,,,,,,,,,,,,,,,,,,,,,,,,,,
forming_thirteen_colonies_10_desc;As we colonized the province that we named New England we should cede it to our stabilized and functional colonial government with its Virginian capital.;;;;;;x;;,,,,,,,,,,,,,,,,,,,,,,,,,,,,,,,,,,,,,,,,,,,,,,,,,,,,,,,,,,,,,,,,,,,,,,,,,,,,,,,,
forming_thirteen_colonies_main_title;Forming the Thirteen Colonies;;;;;;x;;,,,,,,,,,,,,,,,,,,,,,,,,,,,,,,,,,,,,,,,,,,,,,,,,,,,,,,,,,,,,,,,,,,,,,,,,,,,,,,,,
forming_thirteen_colonies_main_desc;As we colonized most of the free areas to the Eastern coast of the new land our original colonial government became overwhelmed with the control of this huge colony so we should try to implement some changes and redesign it, so it can fulfill its purpose in a way more effective way, also allowing it free expansion towards the west.;;;;;;x;;,,,,,,,,,,,,,,,,,,,,,,,,,,,,,,,,,,,,,,,,,,,,,,,,,,,,,,,,,,,,,,,,,,,,,,,,,,,,,,
form_transcaucasia_title;Unite Transcaucasia;;;;;;;;;;;;;x,,,,,,,,,,,,,,,,,,,,,,,,,,,,,,,,,,,,,,,,,,,,,,,,,,,,,,,,,,,,,,,,,,,,,,,,,,,,,,,,;;;;;;;;;;;;;;;
form_transcaucasia_desc;Small Caucasian nations were at old bloody war with each other, but when they found themselves caught between two empires - the Russian and Ottoman, the peoples of the Caucasus at an accelerated pace began to seek a compromise that would accept all. Now, when we control most of our mountains, one Transcaucasian state can materialize from a dream into reality.;;;;;;x;;,,,,,,,,,,,,,,,,,,,,,,,,,,,,,,,,,,,,,,,,,,,,,,,,,,,,,,,,,,,,,,,,,,,,,,,,,,,,
form_turkestan_title; Establish a unified Turkestan;;;;;;x;;,,,,,,,,,,,,,,,,,,,,,,,,,,,,,,,,,,,,,,,,,,,,,,,,,,,,,,,,,,,,,,,,,,,,,,,,,,,,,,,,
form_turkestan_desc; Turkic peoples of Central Asia have long been separated, revealing a tasty morsel for the supergiants such as the Russian Empire and China, but now we have the hope of independence and prosperity - a single Turkestan state.;;;;;;x;;,,,,,,,,,,,,,,,,,,,,,,,,,,,,,,,,,,,,,,,,,,,,,,,,,,,,,,,,,,,,,,,,,,,,,,,,,,,,,,
form_union_latinoamericana_title; Latin American Union;;;;;;x;;,,,,,,,,,,,,,,,,,,,,,,,,,,,,,,,,,,,,,,,,,,,,,,,,,,,,,,,,,,,,,,,,,,,,,,,,,,,,,,,,
form_union_latinoamericana_desc; Latin American nations have a common history of origin of the Iberian peoples, but because of the petty interests of corrupt politicians and the interference of third countries, they were separated for a long time. But today - a historic day and the Simon Bolivar's dream finally realized. As time passed separatism! Ur Union! Viva la union latinoamericana!;;;;;;x;;,,,,,,,,,,,,,,,,,,,,,,,,,,,,,,,,,,,,,,,,,,,,,,,,,,,,,,,,,,,,,,,,,,,,,,,,,,,,,,
form_union_nation_title;Form $CULTURE_GROUP_UNION$;Formation de $CULTURE_GROUP_UNION$;$CULTURE_GROUP_UNION$ gründen;;Formar $CULTURE_GROUP_UNION$;;;;;;;;;x;,,,,,,,,,,,,,,,,,,,,,,,,,,,,,,,,,,,,,,,,,,,,,,,,,,,,,,,,,,,,,,,,,,,,,,,,,,,,,,,,
form_union_nation_desc;Our dominant position among our cultural brethren puts us in a position to form $CULTURE_GROUP_UNION$.;Notre position dominante parmi nos frères culturels nous permet de former $CULTURE_GROUP_UNION$.;Unsere dominante Position unter unseren kulturellen Brüdern hat uns in die Position gebracht, $CULTURE_GROUP_UNION$ zu gründen.;;Nuestra posición dominante entre nuestros hermanos culturales nos coloca en posición de formar una nueva entidad: $CULTURE_GROUP_UNION$.;;;;;;;;;x;,,,,,,,,,,,,,,,,,,,,,,,,,,,,,,,,,,,,,,,,,,,,,,,,,,,,,,,,,,,,,,,,,,,,,,,,,,,,,,,
form_united_kingdom_title;Form the United Kingdom;;;;;;x;;,,,,,,,,,,,,,,,,,,,,,,,,,,,,,,,,,,,,,,,,,,,,,,,,,,,,,,,,,,,,,,,,,,,,,,,,,,,,,,,,
form_united_kingdom_desc;Being in control of Great Britain we can now unite this island.;;;;;;x;;,,,,,,,,,,,,,,,,,,,,,,,,,,,,,,,,,,,,,,,,,,,,,,,,,,,,,,,,,,,,,,,,,,,,,,,,,,,,,,,,
form_yugoslavia_title;Form Yugoslavia;;;;;;;;;;;;;x,,,,,,,,,,,,,,,,,,,,,,,,,,,,,,,,,,,,,,,,,,,,,,,,,,,,,,,,,,,,,,,,,,,,,,,,,,,,,,,,;;;;;;;;;;;;;;;
form_yugoslavia_desc;The Slavic peoples of the Balkans must be united under a single banner: ours. It is the only way to keep us free of rule from European powers.;;;;;;;;;;;;;x,,,,,,,,,,,,,,,,,,,,,,,,,,,,,,,,,,,,,,,,,,,,,,,,,,,,,,,,,,,,,,,,,,,,,,,,,,,,,,,,;;;;;;;;;;;;;;;
restore_pbc_title; Peru-Bolivian Confederation;;;;;;x;;,,,,,,,,,,,,,,,,,,,,,,,,,,,,,,,,,,,,,,,,,,,,,,,,,,,,,,,,,,,,,,,,,,,,,,,,,,,,,,,,
restore_pbc_desc; After the collapse of Peru-Bolivian Confederation, during the XIX century, Peru and Bolivia were many internecine wars in order to restore it, but under his control. However, not one of them failed. But now, when ever an acute danger of being enslaved by other countries, Peruvians and Bolivians cast aside their feud and remember that they - the southern andtsy! Long live the new Peru-Bolivian Confederation!;;;;;;x;;,,,,,,,,,,,,,,,,,,,,,,,,,,,,,,,,,,,,,,,,,,,,,,,,,,,,,,,,,,,,,,,,,,,,,,,,,,
unite_moldavia_wallachia_title;Union of Moldavia and Wallachia!;;Union von Moldavien und Wallachai;;;;;;;;x,,,,,,,,,,,,,,,,,,,,,,,,,,,,,,,,,,,,,,,,,,,,,,,,,,,,,,,,,,,,,,,,,,,,,,,,,,,,,,,,
unite_moldavia_wallachia_desc;The nations of Moldavia and Wallachia have come together to form Romania!;;Die Nationen Moldavia und Wallachai sind zusammengekommen um Romania zu gründen!;;;;;;;;x,,,,,,,,,,,,,,,,,,,,,,,,,,,,,,,,,,,,,,,,,,,,,,,,,,,,,,,,,,,,,,,,,,,,,,,,,,,,,,,,
